trial,fold,horizon,score,pinball_ratio,mae_ratio,brier_ratio,mdd_pinball_ratio,vol_mae_ratio,coverage_penalty,width_ratio
0,0,5,0.9912682628253576,1.0449264209481952,1.1126929616587988,0.9969504779433646,1.320924810708275,0.8412816490779915,0.060317460317460325,0.7536130272300755
0,0,20,0.9585837114825314,1.0351072049699326,1.1695815754747465,1.0780039692909258,1.0213434802261703,0.8155827275289954,0.032539682539682535,0.7373595154533776
0,0,60,1.0332244044418797,1.195172226629559,1.4078222945335983,1.1708646923630124,0.8412576418424021,0.7480890738540704,0.09206349206349207,0.6889692993610229
0,1,5,0.8926883313425344,0.9718428798885869,1.038980107133618,0.9970187138776438,0.9444319895873897,0.8661813751912799,0.03888888888888886,0.5379447350127065
0,1,20,0.8087465036239324,0.896846316768493,0.9474355529966917,0.8708417300336613,0.8674341729984065,0.7288874197035113,0.08650793650793653,0.4349758941579775
0,1,60,0.8783121936228833,0.940698685597603,1.3258622972923453,0.9390042140432832,0.9379508473781242,0.5337727004403462,0.04285714285714293,0.4089259937541568
0,2,5,0.9501264545009203,1.0166321597503225,1.1346303774413855,0.9890493626248019,1.0924609853694274,0.9173437652083639,0.024603174603174627,0.6142497009968917
0,2,20,0.9220170278295562,1.001669085538639,1.254181724577906,1.0148690179056188,0.742409581732819,0.9578092356779435,0.06825396825396823,0.6385032637669615
0,2,60,0.7408949773863254,0.9344252456965979,1.1371512971470972,0.6699429771370009,0.5522754898495504,0.3332876558766853,0.09603174603174602,0.6629896320859422
0,3,5,0.8236033640388736,0.9291685150559205,1.0980225006398345,0.8889287096111523,0.7965350270206172,0.5954480262162666,0.060317460317460325,0.5701474444904006
0,3,20,0.7214208804119465,0.8357405974827234,1.0268148340399708,0.8187294616567057,0.5415207617574095,0.5634490268933074,0.0031746031746031633,0.4761595921109143
0,3,60,0.6176031694789414,0.7933439335791339,0.8799600844302551,0.36766143667597745,0.42528155619634117,0.672236484235373,0.11031746031746037,0.46838201616996533
1,0,5,0.9810841416574116,1.055917864197925,1.0561702147116914,1.1890452014123147,1.033983319689229,0.9586172969397536,0.15000000000000002,0.4423783040725815
1,0,20,1.1802537302923233,1.3497327893226236,1.1457896100723073,1.5010606383683212,1.1894062809128774,0.8385321907082347,0.5865079365079365,0.25
1,0,60,0.9389831307632551,1.0308019117165503,1.0594103338360241,1.0794063487084027,1.0035872644656798,0.6411964738872434,0.5031746031746032,0.25
1,1,5,0.8714640827161962,0.9269760597593475,0.9839722383807522,1.0315718977659507,0.8755877446587156,0.9475723748361475,0.015079365079365137,0.5846628880147199
1,1,20,0.8338675886709125,0.9540790166932116,0.9219898754334585,0.8472516915075422,0.9218671575054397,0.7184431339156563,0.22539682539682537,0.28838443306597
1,1,60,1.0081536218564973,1.113504466230358,1.3744589469752961,1.28133835422064,0.8923928223205682,0.540970246030398,0.34444444444444444,0.26634681447484265
1,2,5,0.9806531220175498,1.0113236402344752,1.1646030626139474,1.016775287094311,1.144398853111026,1.0798257206961226,0.032539682539682535,0.5854305888400285
1,2,20,0.9673383790441302,0.9484371144692448,1.1450586690805513,1.0301610470966545,1.1305113899802806,1.1607551875696913,0.22539682539682537,0.2557475507174882
1,2,60,1.0669560543246965,1.2517222785671238,1.525926201895526,1.0721774544234326,0.9543271983434933,0.6437751751572424,0.34444444444444444,0.25
1,3,5,0.7976680116330461,0.9310753594102738,1.21077003323041,0.8026454263239833,0.5762231248496648,0.6623148008931335,0.03650793650793649,0.48529375113242457
1,3,20,0.7407003997445859,0.9275360272042912,1.2152467864167007,0.5746855766512735,0.4043208105897575,0.7015168593064814,0.08253968253968258,0.3665116821999453
1,3,60,0.6653479641491952,0.8944094237596266,1.019414293674329,0.25,0.3930212695333289,0.7793847051116344,0.1976190476190477,0.3722509169226781
2,0,5,0.9191537329359201,1.035073819678177,1.0805061695021365,1.031257815931691,0.9305806841542923,0.8170306665433481,0.0031746031746031633,0.6200302244594353
2,0,20,0.9718137494919477,1.100565726745517,1.1243627864937045,1.136728902442455,0.9420804666740901,0.7905256051792502,0.21746031746031746,0.39550463497773714
2,0,60,0.9613919087752937,1.0882545738396994,1.2380679479076075,1.133309373814887,0.8942152548765988,0.7361174024655985,0.0706349206349206,0.4035912250176916
2,1,5,0.8640422876696924,0.9351135909568852,0.9840059017132234,0.9738069567482898,0.8872072687840955,0.9176310393277625,0.030952380952380953,0.5356580382832771
2,1,20,0.8580306985263558,0.927803695033755,0.9775738090408406,0.9127997027748331,0.9356885321280634,0.8854024825182575,0.11825396825396828,0.41906908811258325
2,1,60,1.2075763671743123,1.3244060797830128,1.7354516344632946,1.274780906375014,1.2496993242527143,0.8286407172614946,0.14206349206349211,0.4078647772003452
2,2,5,0.9466377554376716,0.9916391255898844,1.185536486123029,1.0846055475376275,0.9763647882460341,0.9403548797067831,0.016666666666666607,0.5795294519287811
2,2,20,1.046733883197621,1.054440707973352,1.3792455592740602,1.2424241364325757,1.0370841197335292,1.0662079712317396,0.1777777777777778,0.3267107174434866
2,2,60,0.8174314894664274,0.8041440127598667,1.2116657813642946,1.0636120612604514,0.7750061459030163,0.6404959783242095,0.0984126984126984,0.25
2,3,5,0.7944099135501576,0.9752862771735542,1.1635886610252344,0.9151410081564036,0.5506975303769024,0.4336815600171327,0.011111111111111183,0.48332342753804813
2,3,20,0.9306315272846092,1.2796663307945684,1.4650988421262365,0.8518167992251789,0.3282130973097695,0.562080458857898,0.2928571428571429,0.3090318273847602
2,3,60,1.113921968136352,1.678478911183043,1.4843410662285887,0.8935044867956822,0.30841208656169633,0.7023792550661403,0.653968253968254,0.25
3,0,5,0.9776776113370714,1.1085339660702749,1.1760170415505975,0.9733893064059268,1.0458075276498884,0.9024877906354178,0.06666666666666665,0.5164398713768292
3,0,20,0.8516812290162316,0.8801230094952133,0.929259214843257,0.9693057068743102,1.0550307403418477,0.7998616836236958,0.052380952380952306,0.5648663784986133
3,0,60,0.9053164902776457,0.944928196981336,1.1025913807106573,1.0852255555262538,1.0035350695222216,0.7559374027442841,0.05634920634920637,0.5450211917145104
3,1,5,0.9457807206429386,0.9778964616645126,1.0332949018087525,0.9795441072412743,1.004845209478815,1.3178657194864707,0.05476190476190479,0.5081473666350864
3,1,20,0.8418292029484991,0.9004194222645757,0.9754951285181417,0.9669658676074336,0.9352182477887951,0.7424949605860522,0.0444444444444444,0.5889970466341896
3,1,60,0.9184617493793017,0.9375990376503757,1.1067035455743937,1.1226316282758773,1.0792355538725484,0.6512247111187295,0.09999999999999998,0.7298001977124802
3,2,5,0.8806443739610927,0.9669570307202955,1.0735158378913328,0.9657234448148089,0.8751368992415021,0.8857911531813032,0.0007936507936507908,0.5472771681052278
3,2,20,0.8759724180987896,0.9724736805473538,1.3046150018634692,1.0040668914932185,0.6524364184130166,0.7298890603389195,0.058730158730158744,0.47796219989190303
3,2,60,0.6599119562635848,0.752686226862498,0.9464036824089584,0.665548720669022,0.5185848674446658,0.5856411275045149,0.0444444444444444,0.5071987473917023
3,3,5,0.8104040823205017,0.8357780362751052,1.040830385853462,0.9699357117779128,1.0184239895748168,0.4181772801149428,0.07619047619047614,0.5450731732819469
3,3,20,0.8694942086133711,1.0236819350436892,1.5450975810681336,0.6787692693039635,0.6371775770693686,0.5855430558623032,0.07222222222222219,0.6146335363358059
3,3,60,0.6420812204963611,0.7937288947998832,0.8510470687473779,0.5330457920751595,0.46638985065991306,0.6781231133366383,0.01904761904761909,0.5852685309012439
4,0,5,0.9328136571511672,1.0171722019065674,1.0043122607617185,0.9975626899603084,1.052822642314128,0.9459584119716477,0.032539682539682535,0.7241709517834288
4,0,20,0.8960662619512962,0.981046929317146,1.0233806363947011,0.9893100531090648,0.8997951214812534,0.9287755187581739,0.0444444444444444,0.6612767351871247
4,0,60,1.0033880629300922,1.0978110902538238,1.2836212200533546,1.2118920533585582,0.8967892747174478,0.8483904808596378,0.07222222222222219,0.6804731826776844
4,1,5,0.9494822041836165,1.0746099880412199,1.1232915146303433,0.9783336889657382,0.9731336939210519,0.8825270764109955,0.011111111111111183,0.7708129440914073
4,1,20,0.871955595556524,1.0159869471656977,1.1053374599026426,0.874178623806564,0.8317842340474757,0.6483153742843705,0.07619047619047614,0.8166748541085715
4,1,60,0.9222303266723159,1.0188592900614821,1.2100746136651037,1.0041862661193188,1.0155529729013082,0.5576847741286951,0.06428571428571428,0.6963006611689403
4,2,5,0.9863541111652515,1.0418042065459272,1.1731526292882155,1.0070863165755735,1.0987246215856947,1.1087629888323784,0.023015873015873045,0.5796897920801835
4,2,20,0.9707724721590133,1.0247007661077847,1.351861679984694,1.1268348457383144,0.8783353472532971,0.91788385868717,0.01904761904761909,0.5150234624264168
4,2,60,0.9175289523236885,0.937875083676147,1.156525603294034,1.1499117571051787,0.8841688162877094,0.8265376871209418,0.09999999999999998,0.7009325940634827
4,3,5,0.8549609467521763,1.01025211675817,1.1436922115827954,1.0466880188679573,0.7331574362050576,0.4519461591704915,0.0071428571428571175,0.57158133237987
4,3,20,0.8088673258049048,1.0266262748205757,1.1301026269377603,0.9908437452882607,0.4377709360518275,0.46871445374670273,0.058730158730158744,0.49193256300816146
4,3,60,0.7592118771332811,1.0668129490008011,1.069791039246451,0.6991569628125117,0.2920137222844897,0.4842459349667223,0.18174603174603177,0.517875687086276
5,0,5,0.9256374791107727,1.0130395005526733,1.089305910126476,1.001857511615208,1.0321869714414542,0.8388859213930425,0.0031746031746031633,0.6153426859446604
5,0,20,0.9402345377634737,1.0626178411283846,1.0998777998820826,0.965562713090852,0.9067434959937182,0.8785768084470074,0.08412698412698405,0.9581374096650511
5,0,60,0.9672260502779899,1.1075627334487013,1.3100860135071901,1.094504690474589,0.829404513313364,0.7304743141576217,0.02063492063492056,0.6662645038822124
5,1,5,0.9961732974021924,1.144713056672429,1.1793930751471267,1.1068378026198111,0.9284619884345019,0.8965167352764077,0.11428571428571432,0.5222708036328481
5,1,20,0.9004419606439753,1.0181683186813375,1.0680804994069257,0.9987003164072654,0.8677345653793261,0.8023056103278344,0.15396825396825398,0.42991343719727737
5,1,60,0.8797881969762846,0.8985190459153906,1.1698055139609729,0.9447664031815837,1.0041336263497638,0.8249652210078263,0.030952380952380953,0.42791702048669034
5,2,5,0.9309698249193309,0.9993211486409662,1.14296296605902,1.0437445716942535,0.8816324324676834,1.039932860326175,0.0087301587301587,0.5450676739373517
5,2,20,0.8816306009243025,0.9518107765681619,1.2182442821795372,0.909786240539497,0.670939138607863,1.0677972881466693,0.06825396825396823,0.5697957777988836
5,2,60,0.7106081036913878,0.7730862031481889,0.985554707089308,0.6504632921972422,0.5871720177951772,0.8365822728698485,0.08809523809523812,0.5574845357870348
5,3,5,0.8043731120364633,0.8829160528956139,1.0898638560962866,0.8700539362762993,0.8134638752566924,0.617359852278001,0.03650793650793649,0.501790086508368
5,3,20,0.7610222489446584,0.9274923397334389,1.1237324502717208,0.735385522694026,0.5567881753169323,0.49381895436954615,0.06428571428571428,0.6710704119532815
5,3,60,0.7364169994178286,0.8929073353550142,1.0100335978772157,0.7767363759615818,0.4667145856763783,0.5883088753800201,0.07619047619047614,0.7237509081653957
6,0,5,0.9399896759094217,1.0067545942725589,1.0464578223161172,1.0671663177472097,1.0015061977677215,0.9879413083709385,0.07857142857142863,0.5353962134091705
6,0,20,0.9019205025015636,1.0027520524790132,1.077746808658701,1.0172636113295943,0.8587336604452078,0.8762651708509659,0.08253968253968258,0.4830459068669747
6,0,60,0.9233447142631609,1.0280186867453975,1.255953416185131,1.0468412166346655,0.8124956730131517,0.8107803312341756,0.016666666666666607,0.46666427457484594
6,1,5,0.8733182192147565,0.9819045696393817,1.026383398754216,0.9854275213122765,0.8694750459163136,0.7788232353062199,0.05476190476190479,0.5247689359865557
6,1,20,0.8006683382870805,0.8661841608234548,0.9316342988323971,0.8695751791923632,0.9323601792552069,0.6610822435555905,0.11428571428571432,0.44534030171057143
6,1,60,0.8341678657020286,0.7972378384461455,1.0322189476144872,1.110801441631223,1.1046443911001715,0.5577313034183141,0.004761904761904745,0.3959480506276907
6,2,5,0.9124609344647646,0.9616183262588966,1.0605954647479607,1.0299071863043299,0.9585470991165905,1.0236367908425696,0.0031746031746031633,0.5317052147446447
6,2,20,1.0350571059613636,1.05823589907312,1.353918276182406,1.2275997155891065,0.9547947634328273,1.1139557667594528,0.18174603174603177,0.3369943035650972
6,2,60,1.23610653875089,1.259525124556573,1.8786221264452194,1.5333128377057017,1.1367528216269436,0.850451579461739,0.2611111111111112,0.32155471884860093
6,3,5,0.7949546691428077,0.913766146243633,1.263878665227567,0.8269309432503178,0.6788142585948291,0.40810316767149435,0.060317460317460325,0.488679963575243
6,3,20,0.6620808951586461,0.7629948059302633,1.03600351716264,0.6611216995898199,0.4763019751082968,0.48163418832228855,0.0801587301587301,0.508136812020015
6,3,60,0.5318918020092234,0.6351829680459897,0.7569419639062183,0.3183682428041837,0.493662082949793,0.5537447595246959,0.06428571428571428,0.4785814597209374
7,0,5,0.9361141233222684,1.0308168512315872,1.0356971144743892,1.054755930360279,1.0186069137850577,0.8703991434373359,0.10238095238095235,0.49208835292845865
7,0,20,0.9412350421720702,1.0499358686830895,1.0598795071665732,1.1040711047159057,0.9155007161997595,0.8248169113704418,0.24523809523809526,0.4063810372314121
7,0,60,0.9826782070187411,1.103394972021902,1.2875164482502568,1.172858776701569,0.9336910683604541,0.6961656921617272,0.04285714285714293,0.49211511993535834
7,1,5,0.8649743873801673,0.9266177975418757,0.9871134746552849,0.9917683344855633,0.8816190991073175,0.9258671052417867,0.04682539682539688,0.5239511233776479
7,1,20,0.7629102410724032,0.8269814537099263,0.8792883537178917,0.8625765374763616,0.7930995183331266,0.741419654981982,0.11428571428571432,0.36933684488745666
7,1,60,0.9213037237774186,1.016059911238908,1.396830805676603,0.945201167646745,0.9053050078349779,0.609061195375972,0.11428571428571432,0.3225362710818315
7,2,5,0.8291523246104492,0.8790844406164676,0.9602592841731034,0.9414684058261099,0.8687458823370394,0.8373288466698343,0.05634920634920637,0.6074801810939935
7,2,20,0.7482462565345883,0.686642230548987,0.8885572589497526,1.0036566074431097,0.8003090025230697,0.8797006355351731,0.06428571428571428,0.38576606505119754
7,2,60,0.6126597221201778,0.48122349501319633,0.6495842057768805,1.148718126542822,0.683718528130229,0.557210960489814,0.09999999999999998,0.3069091249695999
7,3,5,0.7102937924270527,0.7685082175306778,0.9504893284277228,0.8556096200820814,0.6597577320024701,0.5526876593994486,0.0444444444444444,0.43525123878061744
7,3,20,0.7343402591718826,0.8693645717637375,1.087986230330251,0.7474425677515012,0.531346162306489,0.6117521687963047,0.03888888888888886,0.37163252981618966
7,3,60,0.7542865942739637,0.9359325217635741,1.0639350285311469,0.6171904121676772,0.5400390417285611,0.670697666189728,0.19365079365079363,0.43034057060255787
8,0,5,0.8937611263743092,0.9705293055023977,1.017280705519414,0.9998870813430538,0.9809431286709283,0.8553783688467673,0.023015873015873045,0.5736761374224243
8,0,20,0.8165884599505459,0.8762080597896627,0.8875701900374472,0.9815629519841423,0.8863563531726402,0.7848016554736014,0.03492063492063491,0.522253491774166
8,0,60,0.9260597614308189,0.9775656285808016,1.1811903383153215,1.0701253866617233,0.9938352247648906,0.7977067344943448,0.04682539682539688,0.4696899246345228
8,1,5,0.9078650534486309,0.9745047198392185,1.0104433144148057,1.0394233692247312,1.0110217072926828,0.8772065545183731,0.06666666666666665,0.5089273582189092
8,1,20,0.7781768043569569,0.8364349865305792,0.9065217144595348,0.8034439660953643,0.8855105459790659,0.8106878411328778,0.0087301587301587,0.48077432889201477
8,1,60,0.8561844207483466,0.8334593532158269,1.1214562244735118,1.0068970143611002,1.0116785217624789,0.8023669476765902,0.030952380952380953,0.3688507199639265
8,2,5,0.9982385647916079,1.0513372785035702,1.2558846595261435,1.0652203679992946,0.8875111369012936,1.2865259878235502,0.032539682539682535,0.6015905363738552
8,2,20,0.8051398744797856,0.8913710900014339,1.136832576245328,0.9108308377500609,0.690361066813732,0.6047428078487211,0.06825396825396823,0.5734754098421946
8,2,60,0.7631022061585471,0.8224540031888803,1.0458153588524788,1.0924421383200593,0.5611475975233395,0.4395902763153207,0.09999999999999998,0.6457837735508458
8,3,5,0.8782851215048549,1.0715905709323417,1.3231104755570733,0.7857951550868987,0.8037888806187462,0.4496021407910222,0.052380952380952306,0.5899121414452924
8,3,20,0.7029059119430414,0.7737415243786903,0.8748325504783624,0.8690893802454367,0.6408562723712808,0.5108882514030207,0.05634920634920637,0.644879278716376
8,3,60,0.707085919154138,0.8975803126682559,0.9573005035753683,0.6540094636244542,0.42041515212458147,0.6248129450446959,0.14206349206349211,0.5249434290891263
9,0,5,0.9633012779679219,1.0873842451321707,1.1758075684131881,1.008748007832231,0.9707120240908537,0.8784941047785221,0.0706349206349206,0.5544265732974837
9,0,20,0.9330977960385419,1.0603001518428536,1.1368181150411099,1.0862544601497979,0.8527784169093816,0.8102896953539946,0.058730158730158744,0.5158337810663064
9,0,60,0.9079181057918463,1.0269502460383408,1.2740609155948703,1.0243229229755453,0.8299481737784387,0.6219165740245498,0.02857142857142858,0.5014686807881282
9,1,5,0.9631194152951014,1.1147419625058403,1.1361358476682157,1.0609845748774913,0.8660939158422606,0.8726411296822715,0.18174603174603177,0.4497080823137593
9,1,20,0.8716045880888522,0.9959960497822847,1.0565171479237865,0.8994243294809385,0.9148591219244011,0.7134690128989147,0.10634920634920642,0.45315116771158603
9,1,60,0.8577124039236254,0.8327170682199345,1.139235594820696,1.0953413040257447,0.9739752079623235,0.6492879312954819,0.09603174603174602,0.44425328911878154
9,2,5,0.8616939713912948,0.9529167521104221,1.0826310703835682,0.9621061774314466,0.8278442056026606,0.8044977596597377,0.030952380952380953,0.48898158357850957
9,2,20,0.8468437553406902,0.9146067604471846,1.1933001626984607,0.9770051805386657,0.6749765510116996,0.8048655676929145,0.05634920634920637,0.5169367944371963
9,2,60,0.6845894327766198,0.7059637447946758,0.8622587725668955,0.9081820511065202,0.4457260991851631,0.7971388255899564,0.09999999999999998,0.6121067036900242
9,3,5,0.7544552065331891,0.9084463335313661,1.010166463950403,0.8417856211542789,0.5910200788806786,0.38657784683513485,0.09603174603174602,0.8224386097890412
9,3,20,0.6863866109321309,0.9000449696795992,1.0144509907428,0.6614723883874943,0.3841255151613497,0.34340290412529667,0.09603174603174602,0.7100341588590955
9,3,60,0.5560941488432293,0.6645202915625553,0.7805879354358173,0.5586309372798629,0.40351462751187245,0.3872181559597229,0.0801587301587301,0.5923031685039519
10,0,5,0.9101213950556669,1.0091394281596842,1.0324120619860935,0.9923529355145935,0.962233728391762,0.9201246315673992,0.015079365079365137,0.526825586787155
10,0,20,0.8736266934379855,0.9414919677795035,1.0744748040566636,0.9512309932998166,0.8775124195459734,0.8429938675547928,0.06825396825396823,0.6514869215511389
10,0,60,0.8797497661465368,0.9219830357446113,1.0437356455829885,1.0768289755853364,0.9278107042981842,0.7174492275386835,0.09999999999999998,0.7018160687359387
10,1,5,0.8370085355974732,0.8928078637975404,0.9418249983086143,0.9475266665580543,0.8454544846141226,0.9812155164087285,0.01904761904761909,0.49499919573364315
10,1,20,0.7205788878894948,0.796776924196229,0.825417692986798,0.6901249689309034,0.7438905698509123,0.8224475077588721,0.17380952380952386,0.27935207376562604
10,1,60,0.8067412981915854,0.8138604043331613,1.09264710516465,0.8983509122157852,0.984893368396717,0.5667311547507284,0.16190476190476188,0.25
10,2,5,0.9766320953455715,1.1408399578816146,1.3618671444908157,0.9836279817425152,0.8219526020717781,0.8325690049726123,0.004761904761904745,0.6210239003548523
10,2,20,1.0293800719340722,1.16401520302345,1.7006201050257848,0.9397543900091708,0.6802019700268782,0.965208035019933,0.09999999999999998,0.6789159204865529
10,2,60,1.0023482880961248,1.1849602395376202,1.8520409219290435,0.8548291662500532,0.5380408651440808,0.7389095465782288,0.09999999999999998,0.6661535533886046
10,3,5,0.7454344623761242,0.865889053371972,1.129142089367384,0.8244567596701856,0.5666988669395354,0.5068454156159754,0.016666666666666607,0.41591426903680817
10,3,20,0.6360027181171842,0.762862688461124,0.9622293933706765,0.6030019796239074,0.41442078100247026,0.584247506055099,0.023015873015873045,0.4005697446537259
10,3,60,0.5521942084209336,0.71766474055696,0.7952528319055733,0.3391773214996439,0.3654903676967677,0.5491785757683213,0.1261904761904762,0.4090760050178123
11,0,5,0.9827989268717119,1.126623186361334,1.2284521632031793,0.9956359009335723,0.9638897321301766,0.8596719143688667,0.11428571428571432,0.5438983589439678
11,0,20,0.9346128694694359,1.0591595626987125,1.151089459791861,1.0853861020789022,0.8676658782205985,0.793980428180868,0.04682539682539688,0.5203328638439221
11,0,60,0.9260211388286955,1.039410895544144,1.2556179168429553,1.0904448265274742,0.8539467926076469,0.6444641315432734,0.032539682539682535,0.516723468647618
11,1,5,0.9801066858058984,1.132769683705591,1.1734705735062623,1.0455814592742019,0.8766442350171153,0.9449667939014151,0.15793650793650793,0.4576873797869206
11,1,20,0.8851776565822419,0.9974452179392297,1.097078930244664,0.9243964735490116,0.9090538716769743,0.7718149485184456,0.06666666666666665,0.4881425821467592
11,1,60,0.8806039560221579,0.8655065004272151,1.184160392164802,1.1219812378933656,0.9828656314424088,0.6474742176154166,0.07619047619047614,0.47482788508903884
11,2,5,0.9055991673295438,0.9889174601810253,1.1078226356542435,0.9857664451993647,0.9176145639169624,0.9073650776437389,0.0031746031746031633,0.5612926521334424
11,2,20,0.85864321864996,0.9668697881463475,1.179706623341604,0.9795268035692604,0.7201417101411997,0.6360248935496408,0.0801587301587301,0.6372973924951217
11,2,60,0.755250112265523,0.8298796829564655,0.9171508133454749,0.9923942902952162,0.4576511284386828,0.8012025776039303,0.09999999999999998,0.7530843552820308
11,3,5,0.8233738974549214,1.0294980614883975,1.2186111758120106,0.8411697921344483,0.5713075943316945,0.37984106731231715,0.09603174603174602,0.789332087960179
11,3,20,0.6591467782180069,0.839415234176606,1.0044115985805189,0.6448186640847097,0.36412289176592816,0.3741575638640415,0.08809523809523812,0.6588683346150201
11,3,60,0.5800354811653173,0.7153843831382583,0.9063838018854349,0.5027292770925589,0.3719547539981607,0.4075427737075562,0.07222222222222219,0.556031306473085
12,0,5,0.9186971106850563,1.0130091792187315,1.0266884042826585,1.0630430359733427,0.9412662323108117,0.888284988964881,0.011111111111111183,0.6629323466404162
12,0,20,0.9036823909770624,1.0071453010688838,1.0260568908334615,1.042943284921622,0.9185391007562942,0.8182171549333217,0.023015873015873045,0.6539272507267705
12,0,60,0.9458507634029814,1.03011211143618,1.235378031484848,1.055250720715464,0.8784216182848164,0.825592141523729,0.08809523809523812,0.7076029336169861
12,1,5,0.8519024849556706,0.9203919969930698,0.9514411453229228,0.9613178259744705,0.8475776656411549,0.9497274378999471,0.016666666666666607,0.6525126670217551
12,1,20,0.7583947853150939,0.8044482024079759,0.8746823852745346,0.7596735153190661,0.8964098275191144,0.8192582017567352,0.011111111111111183,0.48398191006479463
12,1,60,0.9774296401950474,0.8557852999559362,1.1834305709043609,1.134767347524132,1.5174021811836294,0.8486029742004954,0.12222222222222223,0.3049639097682152
12,2,5,0.9331708415880169,0.9770434884345552,1.0339803637391083,1.035001277650604,0.9390071940341006,1.1296412138989018,0.07222222222222219,0.7329206125634965
12,2,20,0.8202856322434373,0.8580749957052249,0.9802664753184296,1.021620701233969,0.7485825273533887,0.8550907820349892,0.060317460317460325,0.5885875911673115
12,2,60,0.6881066596874036,0.6711660734243426,0.9105767158163771,0.9492128840570111,0.6775134924405101,0.5925125064133634,0.032539682539682535,0.36913472408949755
12,3,5,0.6979742030145137,0.8157944042446852,0.9172141334264697,0.7999427195686302,0.57349474898583,0.4410049384348228,0.08809523809523812,0.6193753573861842
12,3,20,0.5839459417674925,0.730780168483465,0.8197526164627005,0.533837618487716,0.4010220191428807,0.44343893963513237,0.05634920634920637,0.5564235425442514
12,3,60,0.46615546382746836,0.5874685087621457,0.7163184719902035,0.25,0.2822398725271946,0.5454434883607593,0.04841269841269835,0.5108165452714283
13,0,5,0.8966016697164247,0.9823752600725647,1.0326186341656234,1.0010436335472979,0.9342524728618836,0.8726446240445165,0.04285714285714293,0.5772885066784916
13,0,20,0.958169626420129,1.0649264150887259,1.1729100817398423,1.109329447990917,0.922907899786545,0.8160587082332709,0.11031746031746037,0.5115057888643373
13,0,60,1.0163619340246144,1.1062141600040052,1.321497810072565,1.3403668758324265,1.006487548963282,0.5934969051035147,0.07460317460317467,0.47874100201325875
13,1,5,0.8740941916978346,0.9469408112011306,1.0034355865901137,1.0298108121313376,0.8897567327188761,0.8367408653697114,0.012698412698412653,0.655048754517658
13,1,20,0.8747397329198326,0.9482077962401242,1.0640758186061152,1.0407438253101526,0.898486872749532,0.7102291204747458,0.0444444444444444,0.6079001192444583
13,1,60,0.8727445090291603,0.9174279119606646,1.1290367277462372,1.033635158118871,0.9122725345867131,0.6448592774897577,0.09603174603174602,0.639830893465222
13,2,5,0.9368873477111493,0.971729967300582,1.0291123130847664,1.0033820689103399,0.9487562301014004,1.2216146495660287,0.07619047619047614,0.7366489683844528
13,2,20,0.9302676484571997,0.934904817327844,1.0562577572569798,0.9684295028150858,0.923544732047646,1.3328098469811485,0.08412698412698405,0.7215429995831228
13,2,60,0.8909464645679379,0.8785599026890984,1.088228167936588,0.9317633189982115,0.9752895852032349,1.0458367112758093,0.09999999999999998,0.7524888892822478
13,3,5,0.7460349092223095,0.871964332811784,1.0610784120673062,0.9402844272244512,0.5500742768154243,0.4185032122767903,0.02857142857142858,0.47605013648096317
13,3,20,0.6753423121412769,0.8826540938190639,1.0372155007632229,0.7784310198247637,0.30201803328436233,0.32360103597118206,0.07857142857142863,0.3634530875544754
13,3,60,0.6166175919806612,0.8879126188566752,0.8429547673957893,0.4244887068717362,0.25,0.5230884661858608,0.2492063492063492,0.28261210592218783
14,0,5,0.8889196085079383,0.966122466692624,1.0060948467016433,0.97724877460011,0.9720639679089671,0.8292608252468948,0.04841269841269835,0.7050211790111154
14,0,20,0.854690357104374,0.9158216224068091,1.008193819617048,0.9499989819175745,0.9058462442830437,0.823496531344762,0.060317460317460325,0.5991685677547506
14,0,60,0.8898982415942142,0.9536580120471639,1.1078600786718036,1.0879750376531698,0.8997657478765732,0.7625879853815822,0.04682539682539688,0.40804104771796174
14,1,5,0.8750611542609367,0.9470837438024875,0.9904543337931959,0.9905362923716204,0.887924502272348,0.9364803134954403,0.03888888888888886,0.5624773697575073
14,1,20,0.8742694132390544,0.9454883390100787,1.0459067690080504,0.976386854402356,0.9593894281250609,0.8005863878138738,0.0007936507936507908,0.5327280839421273
14,1,60,0.8689454554179551,0.85120880021246,1.0318316021088814,1.110363948249316,1.114538494859286,0.6178082136556654,0.0444444444444444,0.5873445361431365
14,2,5,0.8720138166900008,0.9455763015899513,1.0430492135120675,1.0165871634042505,0.852546570666176,0.7872046053898913,0.06428571428571428,0.700473615238487
14,2,20,0.8333695973295323,0.8663313544389575,1.0947606061295272,1.038053417937101,0.7429199272363473,0.7400981475040963,0.07222222222222219,0.6576053424828535
14,2,60,0.720652084391899,0.7382831768694351,0.9752793468804304,0.8748369863205097,0.6204281488732944,0.6491437860896747,0.09999999999999998,0.6585640522498037
14,3,5,0.7677959358384443,0.8348022422637953,0.9408986708388125,0.9500022375162588,0.730920230045864,0.5603037105422126,0.09603174603174602,0.6529795669844081
14,3,20,0.7120465526400207,0.7736974117361956,0.9094678114073168,0.8564257140008298,0.5756989020151385,0.64173565712368,0.09999999999999998,0.6280009568830519
14,3,60,0.676516859911619,0.7497376687719421,0.8490431260502863,0.7755435683305271,0.565847929896921,0.6182245303853853,0.07619047619047614,0.6129231942635794
15,0,5,0.956041994172365,1.0276257247368825,1.0595124680731274,1.079647424059584,1.064502573136997,0.9556690780185405,0.016666666666666607,0.6363348751826421
15,0,20,1.002885284217426,1.066156532358349,1.2107596528615552,1.1379430741538032,1.1078846544254561,0.9432759111957908,0.0031746031746031633,0.5564192444693418
15,0,60,0.954225567582038,1.010386454728746,1.2805420138284607,1.0806847760271732,1.033441048448111,0.7387878013295237,0.02857142857142858,0.5170450849487607
15,1,5,0.8752805706205595,0.9550243772606606,0.9978879825604505,0.9947463535111967,0.9262206746915557,0.8449675436709075,0.03888888888888886,0.5324936791844995
15,1,20,0.8585837247715535,0.9395590482897894,0.9499118785403924,0.8103634867506084,1.0182143630675526,0.8593444723282834,0.24523809523809526,0.3287828238949737
15,1,60,0.8267327177573287,0.8075585397919779,1.0758037161432454,1.0446196429657744,0.9597926960551074,0.7010505517784907,0.004761904761904745,0.3872144014778331
15,2,5,0.8969495585918711,0.9785333866558688,1.0512000759214888,0.9528307707888691,0.9009574587638449,0.9937684727334241,0.012698412698412653,0.6149630426318432
15,2,20,0.8458375325694586,0.8905303476894263,1.057436048160768,0.8409569526818828,0.8771239698331084,1.0080176405295744,0.026984126984127,0.5044570778316357
15,2,60,0.760164634699949,0.7582484257974118,0.9466205700543809,0.8213774536418077,0.8606498176837664,0.7704246427903795,0.09999999999999998,0.5479348394941288
15,3,5,0.7833799975699207,0.8534047428144621,1.0279526562468948,0.9451007589264422,0.757776815915444,0.577936092832114,0.032539682539682535,0.499747195351754
15,3,20,0.9080099733870836,1.0586939224573837,1.37217006067905,1.0635873358787358,0.6344884524347987,0.6041492692524,0.03492063492063491,0.4690283936142394
15,3,60,0.8302408967452661,1.0087782351005445,1.1780195656884203,0.7510416765009382,0.6085826890293431,0.7098759693917029,0.15396825396825398,0.49188500201074364
16,0,5,0.9388108268921874,1.068197633972134,1.1025439315812051,1.0324719202435042,0.9440750977656395,0.8395890712006284,0.03492063492063491,0.5558220332960315
16,0,20,0.9921069505408399,1.131355907488682,1.3071312095772463,1.0662111053197798,0.9041077995867948,0.860868405898104,0.03492063492063491,0.5327860237657692
16,0,60,0.9780829640798651,1.1301474804395057,1.3409740577248117,1.1053672351615063,0.8363656599453435,0.7376660871700699,0.0087301587301587,0.5249194391056886
16,1,5,0.8881151903545272,0.983538544843161,1.028482550045175,0.9774807996629992,0.9165955607473278,0.8765560505864192,0.0031746031746031633,0.5871678603410494
16,1,20,0.729317905561328,0.7882595187291099,0.8262317727083202,0.8003902738359501,0.8062841746242481,0.722432516057221,0.08253968253968258,0.34900371491206694
16,1,60,0.7753426432368088,0.749320439314569,1.097001173066567,1.0106625968567013,0.8241322748745046,0.5932414120244802,0.05634920634920637,0.33474990367171176
16,2,5,0.9123457567721531,0.9425799334140862,1.0642570963586466,0.9842643265032904,0.9656975277178464,1.1290658606020196,0.0087301587301587,0.5597413439647456
16,2,20,1.0065311960688004,1.0112876161808986,1.264289562707304,1.0903727884064633,1.0456633867644163,1.1816764366554366,0.21746031746031746,0.3047267945330831
16,2,60,0.6854633967568049,0.6014683519977139,0.8753856575389272,0.9160749736383578,0.7831105664907385,0.7834599175961959,0.023015873015873045,0.29355636788902334
16,3,5,0.7208102260967756,0.8678257697987452,1.0112439857976308,0.8431505883483676,0.5384542547120595,0.38662346643038864,0.0444444444444444,0.5456808194785379
16,3,20,0.7456602893254939,0.9783832950323915,1.1375340024999603,0.7914350011133429,0.32205365439514283,0.46616038169233487,0.11825396825396828,0.35596404719595026
16,3,60,0.7869255852333491,1.122462081324838,1.1238806011777278,0.5543597923851544,0.25,0.6351191450444558,0.4515873015873016,0.32349240398889473
17,0,5,0.9040872500205949,0.9724986455388259,1.0096404185955763,1.1138323823878606,0.9428730020612921,0.8648863397103302,0.0087301587301587,0.5553702847717441
17,0,20,0.9010566029740469,0.9822712934408115,1.0835506403748656,1.1408530631382163,0.8760984250576075,0.7472604758321331,0.04285714285714293,0.4820094466982011
17,0,60,0.9085758992624894,0.9514210506936644,1.1263084581307707,1.1614365435386163,0.9218984151267519,0.7329145429388987,0.05634920634920637,0.5632040087317245
17,1,5,0.8297981458135281,0.8928775283376374,0.9362489093779376,0.9604181831658759,0.8510824026066838,0.865269440300434,0.04285714285714293,0.5200547530912325
17,1,20,0.7143270321316016,0.771410580433661,0.8017066988487928,0.7530440028200861,0.7962654526503983,0.7411609428059859,0.10634920634920642,0.33734557022952233
17,1,60,0.9820691191871229,1.0381580064370437,1.283513031379927,1.0989481449602685,1.1275882757887927,0.6309528800369835,0.30873015873015874,0.25
17,2,5,0.8527699267316067,0.903501022352562,1.028501193422791,0.9565721643728995,0.8670720111694027,0.9262181356570288,0.016666666666666607,0.4978094443692172
17,2,20,0.9598929319192956,1.002704684522746,1.2353169981586491,1.2005051455933966,0.8404757861276149,0.9436024089685319,0.21746031746031746,0.2639713245103372
17,2,60,0.838041007627656,0.9203363045166223,1.278529753922077,0.7618889278317602,0.7936842873306692,0.6530785568416216,0.2571428571428571,0.25
17,3,5,0.8054420691671239,0.8049302364452317,0.9524637867086754,0.9198363672091427,0.7644770302041157,1.0646065955197312,0.07619047619047614,0.5468638635898789
17,3,20,0.8359378032799559,0.9045432701388257,1.110237145474048,0.8995336819094583,0.6409883084061411,1.0640712089405668,0.011111111111111183,0.48496298970285007
17,3,60,0.8664618092045142,0.9606743177870425,1.0972717340147433,0.9261903138891645,0.6924568988942749,0.9640704373527326,0.15793650793650793,0.5125118889497703
18,0,5,0.8789990643271786,0.9719077384398288,1.0019733778135296,1.0027541800525288,0.9261866685989848,0.8243460413559976,0.0007936507936507908,0.5568020737442205
18,0,20,0.8574398449943692,0.9555228295177208,0.9948145499534095,0.968226715963834,0.8553312156556216,0.830135102368997,0.050793650793650835,0.45606388782606505
18,0,60,0.8802116155108118,0.9557689000905689,1.182967020575569,1.044276051562713,0.808171993484618,0.7495884527013702,0.026984126984127,0.4510835492217273
18,1,5,0.9351934800403621,1.0574712578101688,1.1167768901122153,1.0793971523802113,0.8862755203904066,0.8143918386938223,0.09444444444444444,0.488693679796158
18,1,20,0.9084654729176792,1.07159838886943,1.1399611637487255,0.9706788659361291,0.8721809149331412,0.6311454012977339,0.1341269841269841,0.44931553673390523
18,1,60,0.9221080773727658,1.0101456528840027,1.4124445798534344,1.1041012941372046,0.8363322300475344,0.5145174122333641,0.016666666666666607,0.43356584558786226
18,2,5,0.8489637173060588,0.8961710483320549,1.008524387207277,0.9900874035504041,0.797183985705672,0.9655000954012233,0.032539682539682535,0.5702232200812178
18,2,20,0.8338679289508768,0.8454755630902202,1.0889828556733125,0.9853384623059024,0.6699909246125064,1.0120953895376004,0.09603174603174602,0.6124294768186448
18,2,60,0.7498406779457982,0.7786239186324013,1.0429725003902395,0.9063055500580341,0.5698214004779592,0.7289222161853728,0.09999999999999998,0.6521722388995221
18,3,5,0.7347562161353206,0.8722096423524865,0.9596758986501949,0.83655371240013,0.5671305315497857,0.42462660548691766,0.09603174603174602,0.8597979050339969
18,3,20,0.6756095914056002,0.8268964169949684,0.9546965210934407,0.6690181251118666,0.43042716569280315,0.4714998657763756,0.09999999999999998,0.7974862365002354
18,3,60,0.5764240090992975,0.7202361407144076,0.7702242630898867,0.42302034428828034,0.38497079643971277,0.5870073938409962,0.09999999999999998,0.7302769964157761
19,0,5,0.9003397253731589,0.9842253159617373,1.0352847044277798,1.0374130475016423,0.9559400537483443,0.8215535451427372,0.058730158730158744,0.509957610316704
19,0,20,0.8729254231253529,0.9473966584825813,1.0521795489177463,1.0216131583485248,0.8883447539650778,0.8007329812840785,0.0087301587301587,0.5443854744076067
19,0,60,0.9432163269744416,1.0312976053647194,1.260726919941816,1.1206359453966832,0.9184969395544471,0.6858641152560386,0.02857142857142858,0.5565594279081334
19,1,5,0.9179832792509487,1.005588781540775,1.0629586408557927,1.082731018110783,0.9043413062448166,0.8779429514831872,0.0626984126984127,0.5446458964253714
19,1,20,0.8927021805979896,0.9925676902951104,1.0427646260170491,0.9788904154016068,0.9878197995714347,0.7111333524460423,0.14206349206349211,0.4274827719046182
19,1,60,0.7733504726225553,0.7437288630948432,0.9766293411617193,0.9195467073053382,1.039623226795443,0.5566396526212105,0.06428571428571428,0.41705046626213776
19,2,5,0.8614959936143798,0.9293057332139547,1.0584572744126615,0.9914402948071113,0.844976805205402,0.8518857708615997,0.02063492063492056,0.5124936431705015
19,2,20,0.8413923499183364,0.8703535577069026,1.1092900794761662,0.9370670928366901,0.7096721532934922,1.0401377221530232,0.04047619047619044,0.550570011044418
19,2,60,0.7212263161714481,0.7544914521924533,1.043307813997488,0.7141006370252538,0.6114788868202684,0.7926456131990701,0.08809523809523812,0.546332641368809
19,3,5,0.7631988742239671,0.8141377156246398,0.9681294005775227,0.9490518766026383,0.7040240537876187,0.6211437395560515,0.07619047619047614,0.5874055607079239
19,3,20,0.6978520776831568,0.7566162079537302,0.8806886387506999,0.8416195630593256,0.4798774119163538,0.7983462595223076,0.05634920634920637,0.6309830814573043
19,3,60,0.6604965333429184,0.7346678898381017,0.8289760682679775,0.7559101101763699,0.4707046673577043,0.7540736402599649,0.0444444444444444,0.5501889964055842
20,0,5,0.9452187795623255,1.0421480723363712,1.0890513821627112,1.0194846283818417,1.046509253052369,0.8458240134508691,0.032539682539682535,0.6783328527397553
20,0,20,0.9586120331327773,1.145771385101327,1.1566009268421842,0.9407665881895328,0.9186274390765197,0.7916345920339943,0.09444444444444444,0.647274497218898
20,0,60,1.0583424083095927,1.2381454768806888,1.6224844881537943,1.057179246093217,0.8288664267885975,0.7298300118183499,0.09206349206349207,0.6428173873243574
20,1,5,0.9420752303015568,1.0529891359082177,1.1038342497254832,1.005189130576873,0.9583146583925899,0.9444312096413104,0.015079365079365137,0.59765501365841
20,1,20,0.8460816853450488,0.9315505719709446,1.0404629174673845,0.993749353952543,0.8961893094632086,0.6374020642199497,0.011111111111111183,0.5320254607658352
20,1,60,0.9678350659818689,0.9588414681657899,1.2250089383235574,1.1421447591443215,0.9842772302062279,1.1214399477509984,0.032539682539682535,0.5034713473282916
20,2,5,0.8734827144337969,0.9253217866611334,1.1009133485374543,0.927738127786534,0.9858787387922929,0.8334351225107592,0.0031746031746031633,0.46249407872199605
20,2,20,0.7926015117845225,0.7803463112855707,1.0656084784365367,0.8768257433259967,0.8288703698947835,0.8694070343748768,0.04841269841269835,0.44850072531996016
20,2,60,0.8270062341108028,0.8917245856914453,1.3781254737880215,0.8149749789466901,0.6193937385565169,0.7299301265798783,0.09206349206349207,0.4530347774226826
20,3,5,0.8411921027544563,0.8468937358005373,1.0083018188640132,1.0474331388076885,1.1391124249893236,0.4633915152023829,0.05634920634920637,0.5089530620143939
20,3,20,0.8350273218490016,0.9141735322097757,1.1291550872067582,0.8187261783739299,0.7464307823511419,0.9288495215764992,0.012698412698412653,0.5715312446422296
20,3,60,0.6911643457411558,0.7636562238076733,0.854538428298112,0.6815271381548766,0.8996742873667275,0.40528086886464904,0.016666666666666607,0.5609645260793745
21,0,5,0.8837974558123941,0.9651404669116185,1.018444352555839,1.0024116283302806,0.9268539955772046,0.8337191057299573,0.02063492063492056,0.634181363546292
21,0,20,0.8478567528895149,0.9348605058808664,1.0023184540238348,0.9713397869670035,0.8621436272090408,0.7862264311758143,0.023015873015873045,0.5017180457512413
21,0,60,0.8276869148270717,0.8875844427489533,1.0786613135264993,0.9817311296833461,0.7843831446778974,0.7161762526053097,0.060317460317460325,0.48253913996744974
21,1,5,0.8877678521312676,0.9855949418102121,1.0480647898969113,1.0110338890312374,0.8807682103323428,0.8270087295668836,0.05476190476190479,0.5098460939532654
21,1,20,0.8755268579521417,1.0047241144022256,1.0823224183761664,0.9760936700205155,0.8713902241687661,0.6500715579502813,0.07857142857142863,0.4631771743839149
21,1,60,0.785208666681282,0.8158878412150365,1.0954101747087341,1.002823607832364,0.7368745764835855,0.570733510215523,0.0444444444444444,0.47324020898844554
21,2,5,0.8413656509493531,0.905505492037636,1.0211725607608684,0.9839663128633541,0.7946050185351321,0.8431946731230352,0.032539682539682535,0.5959966607398659
21,2,20,0.8138684210943101,0.8570482052958885,1.1021341442854464,0.9518007127256245,0.6552807102133671,0.8184344455175059,0.09603174603174602,0.6317849127703568
21,2,60,0.7491873740693747,0.8116590008950617,1.153048519350839,0.8413538655339063,0.5559996485659606,0.5578101895479547,0.09999999999999998,0.6588466594567288
21,3,5,0.7649254880638348,0.8575704600522872,1.0468901344148334,0.8710170492312583,0.6523323613230982,0.559683725422168,0.08412698412698405,0.5794211289683403
21,3,20,0.6677768713586203,0.741151579043671,0.9613973812643711,0.714823638003776,0.48921686460790864,0.641232630461414,0.06825396825396823,0.4885698429335985
21,3,60,0.5615395058784949,0.6579285918463447,0.81389787350408,0.4654475621523882,0.3798427585325584,0.6290443207544375,0.07222222222222219,0.480876065764031
22,0,5,0.8869759256928634,0.9597615031651727,1.01255105076373,1.015676783609143,0.9379296137799817,0.862704840218074,0.016666666666666607,0.6232877224550246
22,0,20,0.8492676419456912,0.9269436100524966,0.9907756976099346,0.9628406783218226,0.8694060121215486,0.8244829952781069,0.0626984126984127,0.48489439342073587
22,0,60,0.8275813774480303,0.8744603520566212,1.0727135037471969,1.0083005012360882,0.7907093000922538,0.7294067196307562,0.052380952380952306,0.4718139945713243
22,1,5,0.9126491389189472,1.0177572247737041,1.0881729039885522,1.0451031843481289,0.8668336679822514,0.8644275844681794,0.03888888888888886,0.5750888710423633
22,1,20,0.9633396859033866,1.1631113132503752,1.2338798263233608,1.0199484469173776,0.8434515523288599,0.6287160043006506,0.23730158730158735,0.40586802963798346
22,1,60,0.815025241118848,0.9612353046491644,1.2495125988525277,0.8373598261647686,0.6271067969746963,0.5521226944780352,0.0984126984126984,0.31316142853831214
22,2,5,0.8599450001726102,0.9204966714958633,1.0449054968148033,0.9831829865441678,0.8107225482370338,0.9339657036108728,0.024603174603174627,0.5610239275449332
22,2,20,0.8657850869417447,0.8977852647230057,1.1866603863388412,0.969224752309963,0.717422607759212,0.9632726277913628,0.09603174603174602,0.583819910871065
22,2,60,0.7965240162890169,0.8406475560385928,1.2241593584077823,0.8549454557891065,0.6481552658551838,0.6762501370073467,0.09999999999999998,0.6194448655654629
22,3,5,0.7428995059256731,0.8775944433938865,0.9737013491034937,0.8415870519670436,0.5775388682108455,0.44296574790270554,0.09603174603174602,0.8599521111037518
22,3,20,0.6872186293774952,0.8391099157001399,0.9680709447712418,0.6814479921748697,0.44134873679909753,0.48914912108745395,0.09999999999999998,0.7995031903973172
22,3,60,0.5972795034654441,0.7516995015187493,0.7995856975515052,0.4340259134235278,0.39936509434818307,0.6013591029719924,0.09999999999999998,0.7367420612733444
23,0,5,0.8844905959067018,0.9535239388858434,0.9965796563005129,0.9980261404707982,0.9180586738677756,0.931509363162098,0.02063492063492056,0.6420721980046452
23,0,20,0.8764205194471713,0.9895644492342771,1.0025917076394673,0.9793633012559597,0.8560977580042622,0.8418095024066576,0.06666666666666665,0.5172476757629474
23,0,60,0.9273027801263107,1.0211836318980063,1.2395254964922275,1.1197421087374904,0.8414642238425316,0.7012297493051197,0.058730158730158744,0.5181549519849332
23,1,5,0.8729005077447181,0.9532828888437186,1.0207600046522252,1.0143096786302646,0.8639647347486419,0.8595205744705167,0.03888888888888886,0.5240684758490995
23,1,20,0.8295770541849716,0.9212325428400983,1.0131334112662995,0.9476509065711787,0.8512486280909121,0.6658657374708568,0.0626984126984127,0.4788419888568082
23,1,60,0.8828299209819607,0.8937127352722927,1.2031268901633958,1.1081400339309468,0.9335829275515877,0.6600011768843682,0.052380952380952306,0.4545400511555089
23,2,5,0.8468116600839903,0.9086928544637233,1.0233340868583634,0.9913519681736437,0.7957852365392702,0.8354677209199638,0.06428571428571428,0.6383898397999778
23,2,20,0.7998845916638748,0.8649210779958305,1.1014772885344555,0.9497607045372162,0.6527115838278839,0.6442511463582676,0.09999999999999998,0.6714887731524698
23,2,60,0.7494036206129101,0.8177520101711693,1.1879467039060245,0.8551286120255379,0.5779222767979336,0.4258572111778856,0.09999999999999998,0.681835234192931
23,3,5,0.7054457421431212,0.791631249037827,0.9737506421568819,0.8672040553755999,0.6079020216886327,0.4141008496892519,0.06428571428571428,0.5045404042596497
23,3,20,0.6136429085309073,0.7041903701110807,0.9326225687263726,0.7061717859693281,0.4369613150542752,0.3854849482432028,0.0444444444444444,0.4717774198033767
23,3,60,0.5098094539336822,0.6318749620976043,0.7378095012999993,0.44374446991471483,0.31537998321601596,0.4746277822352615,0.03650793650793649,0.46982634186098277
24,0,5,0.9117082713102443,0.9967277802711264,1.0264399428979314,0.9907991722279849,0.958327503320735,0.8892079305038664,0.052380952380952306,0.7977031910433066
24,0,20,0.8704222988634162,0.9663453539451405,0.9931640898184123,0.9399896874580206,0.8951513577034037,0.7955216480219847,0.05634920634920637,0.815301516299953
24,0,60,0.969077915580346,1.0747770765633935,1.2938023830693681,1.0631295281072872,0.888441543628827,0.7319050047135591,0.09999999999999998,0.8636473363659999
24,1,5,0.8684760238251789,0.9576003269562603,1.0077680120294406,0.9940583479665941,0.8317199396669884,0.8868751249828074,0.06666666666666665,0.497659509202897
24,1,20,0.8170109647631734,0.9642823750724174,0.9961313230611358,0.8078500878295217,0.7582542155219735,0.6783609214603417,0.2492063492063492,0.3298750978484674
24,1,60,0.8054567337210071,0.721071427122552,0.9687470322957124,1.1506387295766682,0.9038592396731776,0.8603942844072464,0.08650793650793653,0.25
24,2,5,0.857915377072194,0.9189616555844267,1.024439074769662,1.014321909857048,0.7991606176306281,0.8503681260363181,0.07222222222222219,0.6832729706618887
24,2,20,0.8144714307680112,0.8630052766654008,1.0897936151840422,1.0044464383239182,0.614003680596421,0.7788354986587518,0.09999999999999998,0.709982465119619
24,2,60,0.7563623499286761,0.8144116225079595,1.1825662710346772,0.9592171878552846,0.4466233459741651,0.5439730036778986,0.09999999999999998,0.7219986984493814
24,3,5,0.7624371949516865,0.9357504654346263,1.1165054539975487,0.8440812911412783,0.5568498521652395,0.3984177776225617,0.02063492063492056,0.5340940082418916
24,3,20,0.6374799453969512,0.7794147347124943,1.0112370616908468,0.6553804880949096,0.3895138557675944,0.3782309516001315,0.04841269841269835,0.501769778855786
24,3,60,0.4847195005716031,0.6026963325467256,0.7237462115858664,0.34854061836153694,0.29234297360378897,0.4666700532570661,0.09603174603174602,0.5230695366547164
25,0,5,0.9149693277621095,0.9899681789159012,1.0308327711751006,0.9997446006477715,1.0050738867936364,0.8714989907370218,0.0444444444444444,0.7623922054751511
25,0,20,0.9068769369043903,1.010953674471929,1.0998062197672018,0.9825727073058295,0.918771337489182,0.7905834408034261,0.0444444444444444,0.6900385321143145
25,0,60,0.9590851324463429,1.0492538310997663,1.2431572240382707,1.0438415419540759,0.9396794865740177,0.7879749065962258,0.09206349206349207,0.7534206190800963
25,1,5,0.8823657428776616,0.9629848262434074,0.999976951840133,0.9877104124489409,0.9352011628484235,0.8695914262075332,0.08253968253968258,0.47169514077710845
25,1,20,0.8046942931807405,0.8725329063780529,0.8941214344970433,0.883548341403289,0.9643641874237667,0.6840059596214885,0.08650793650793653,0.45155099773675406
25,1,60,1.0363720625475727,1.0645808740058094,1.538980942374669,1.1481798221253148,1.2625843958780207,0.552622548660449,0.030952380952380953,0.4626020352042414
25,2,5,0.8775962755598612,0.9522724594401316,1.084116481926765,1.0450696669188668,0.8378015416186052,0.8321201397325563,0.023015873015873045,0.4809878700604301
25,2,20,0.96916754178885,1.0977256573547964,1.3190258117608569,1.1109821707271526,0.8085036281068257,0.7348367482497844,0.2492063492063492,0.2752900285341041
25,2,60,0.7622358500184381,0.7727398536983258,0.9996437596750435,0.9992094201425871,0.8257305909596547,0.5120044671854254,0.1341269841269841,0.25
25,3,5,0.7318263893781272,0.8314762552831468,1.0003218470877866,0.8445228668677927,0.567635426033482,0.5983214199832672,0.05634920634920637,0.5053697529298484
25,3,20,0.6620141406981245,0.8160024783778771,1.0084700558521889,0.6135328364585897,0.3779541209972385,0.6236332017779582,0.030952380952380953,0.39632448084008715
25,3,60,0.6051211170259929,0.8342459389453536,0.8671600553837533,0.25,0.3165174281588589,0.7071587910060388,0.2492063492063492,0.3307697439559691
26,0,5,0.907702085461355,0.9982832135931343,1.0511802327574593,1.0282796915261796,0.9383957458601349,0.8041128548182945,0.0444444444444444,0.7367404529750452
26,0,20,0.9235592079973358,1.0177579970957857,1.111925288793099,1.0231683428593688,0.943164676142722,0.790068966749163,0.052380952380952306,0.7643866500983113
26,0,60,1.0015686962572945,1.095125844338963,1.2471383885149445,1.167724287701974,0.9563538691994464,0.8220892177540309,0.0801587301587301,0.8257378679896151
26,1,5,0.9311639691756596,1.011992654833172,1.0599741651618095,1.1062484706825977,0.9241152277093888,0.9289098024935968,0.0626984126984127,0.5378663770910542
26,1,20,0.9190195463363147,1.0093624638189502,1.065352878778695,1.0763025428647162,0.9466706057018017,0.7880025101851919,0.16587301587301595,0.40274725894232555
26,1,60,0.7467963689993027,0.7092861810679473,0.927809436998028,0.9137179737273041,0.9099732824059908,0.7077037980730593,0.032539682539682535,0.4257648023579694
26,2,5,0.8514918211341118,0.9072480434692676,1.005666430271144,0.9660634948108197,0.8284049491245826,0.9138391640126046,0.060317460317460325,0.6109545388467842
26,2,20,0.7270836750839996,0.7510786954296625,0.9788768334452318,0.8424775073450311,0.5724679173828848,0.9000202404300514,0.032539682539682535,0.42843303789542003
26,2,60,0.6915560133027446,0.7757344982693908,1.1077099781706805,0.6324839693488721,0.5279734392400222,0.6835368606278631,0.012698412698412653,0.3527085314282135
26,3,5,0.7422293610523855,0.8464724571674397,1.0527258589773743,0.8467482907898708,0.6623560997481475,0.4087697872475956,0.06825396825396823,0.5344902371311762
26,3,20,0.6515545537264433,0.8325169147799443,1.014363626951407,0.6360280378186001,0.41543045722279925,0.3577511230458591,0.0626984126984127,0.33787713536890795
26,3,60,0.7629139074599333,1.1565220622238752,1.0574201164577008,0.3503600722733501,0.42760639920822135,0.5284521885368875,0.3206349206349206,0.2511178064184318
27,0,5,0.9736291594435105,1.1141897742444546,1.1042468820099323,1.0035115144846332,1.0128999619098242,0.8990074869735092,0.17380952380952386,0.44988564444251306
27,0,20,0.9642547657228703,1.114969524605318,1.1429202175109583,0.9784154812626217,0.9281578453047089,0.9214140685326111,0.16587301587301595,0.42796275116311555
27,0,60,0.9812177870633784,1.097442196366859,1.2858212133681237,1.1345599221221352,0.9427075556229276,0.780109268516214,0.004761904761904745,0.4768484827681706
27,1,5,0.9205796993697064,1.030197385830628,1.0480120645360314,0.9807282844199843,0.8982538312713955,0.9825101733674099,0.1261904761904762,0.4625712208266853
27,1,20,0.7986400708607309,0.8519877967222952,0.8777451560292111,0.8929682364586513,0.842368752989432,0.9055742000884018,0.06666666666666665,0.44193111702755317
27,1,60,0.8135266615060811,0.8222129228129491,1.0665903513957433,1.0269398597483148,0.8331464637268826,0.7052451235095222,0.024603174603174627,0.4834634239244445
27,2,5,0.943503121923647,0.9668921808315366,1.1194385139508796,1.0672258721120702,0.9461048931994458,1.1600550733328987,0.02063492063492056,0.590850498850522
27,2,20,1.002445633777762,1.0160365016827027,1.348532434605307,1.1838289738008136,0.8374336180251524,1.2339104906496998,0.09444444444444444,0.37871480160147436
27,2,60,0.8483479507659828,0.859386970546608,1.2414140557747058,1.0492288651528836,0.7213841745049614,0.7564232103324611,0.15000000000000002,0.3205375242180478
27,3,5,0.7793732609745601,0.8787213234324638,1.0888867882619393,0.8428387914208341,0.7375111970278649,0.5706934685103359,0.012698412698412653,0.449234850889318
27,3,20,0.7072872588559821,0.8228630940333101,1.02442713620301,0.7399472859068641,0.4813416278037774,0.679326151800685,0.03492063492063491,0.4016902944254279
27,3,60,0.6571011937086103,0.8068106893016519,0.8209381983467416,0.5905252739815329,0.4625375981028503,0.6901389671440928,0.20158730158730165,0.34974280209476893
28,0,5,0.8993192554972144,0.967025757141501,1.0213709769159598,0.9983656111767069,0.9629041175616693,0.9207415094567324,0.02857142857142858,0.6463327901288487
28,0,20,0.8729614847169148,0.9219437239358671,0.9970540523302035,1.0080213834935736,0.9621745835267227,0.8663792960645236,0.016666666666666607,0.5796360721222484
28,0,60,0.900461104891016,0.9060483342708902,1.1156105020920357,1.051047796799211,1.0257252970508737,0.8780863047921909,0.032539682539682535,0.480008008262986
28,1,5,0.8588209241710135,0.9359677099415802,0.9857288015087957,0.9876115377940308,0.8540409998677306,0.8558115605276723,0.03650793650793649,0.6329437735851388
28,1,20,0.8389352758051685,0.9146233253450916,0.997808599964228,0.9731846859101738,0.8539093466689567,0.7575355059883498,0.06666666666666665,0.48871665957936605
28,1,60,0.9704027297932959,1.0618937824923738,1.428043330319097,1.0965947934311786,0.8644977822173087,0.7701174116536544,0.004761904761904745,0.43414818423762574
28,2,5,0.8937248134929031,0.9841309880513128,1.0442550402687187,0.9940201383360142,0.8197964546807567,0.8769990191143964,0.08412698412698405,0.8993143960597244
28,2,20,0.8363598655449976,0.9230277766551905,1.0329736906777407,0.9394789187133987,0.6997525639111222,0.7950110757394875,0.09999999999999998,0.8656086715464287
28,2,60,0.708484484825139,0.8334829332838153,0.8450311563301997,0.76870619228237,0.5187576542760838,0.6230371457205748,0.09999999999999998,0.9195831056816061
28,3,5,0.731361775037184,0.8060834270771035,0.9516026068728856,0.8688030337598156,0.6525681759865514,0.5731523877807626,0.06825396825396823,0.5397828837152002
28,3,20,0.651519277399329,0.7552671326800868,0.9249289989768511,0.7175127365254786,0.4559521745064435,0.5894153159841038,0.011111111111111183,0.42324616945981763
28,3,60,0.6105666351187927,0.7998132722242244,0.8758369427901296,0.3877132119463187,0.3521667887124791,0.6474312913434858,0.18174603174603177,0.36030323221348065
29,0,5,0.9506565894185663,1.090929925037476,1.0731203502289994,1.0427057262299413,0.9180714072076558,0.9020631485250978,0.01904761904761909,0.7402281639872402
29,0,20,0.9648090348009426,1.112520607250573,1.15962533202096,1.0429025276162336,0.8709243336910228,0.8980641728426205,0.02857142857142858,0.7534191993249212
29,0,60,1.240974517847427,1.5121604385557998,1.704028549522991,1.2777284389664654,1.0721360454919553,0.7525871945641525,0.12222222222222223,0.6606711414571509
29,1,5,0.876633684323979,0.9507147266765464,1.0117015297571175,0.986521174393694,0.8720238200796748,0.9461019530468944,0.026984126984127,0.5615822386345516
29,1,20,0.7325871083177353,0.7969469878206247,0.8389815124889188,0.7569180352408802,0.7858767961590506,0.7587408705145612,0.13015873015873014,0.380133761154066
29,1,60,1.0117579137130834,1.0830724606763722,1.4001470814974206,1.1982051575109207,0.9844798601255067,0.7133375623512317,0.21746031746031746,0.2900586382976859
29,2,5,0.8422399148425712,0.9421781148575604,1.0221180569589237,0.9678561009620046,0.8041673669905438,0.6737879330761912,0.07222222222222219,0.6973999014176553
29,2,20,0.7628250294285951,0.8592540179378242,1.0292675674248726,0.8781688409887765,0.5755392473626252,0.6006552718499388,0.09603174603174602,0.7617341792233153
29,2,60,0.617066037833822,0.7321827432893263,0.8609782804802288,0.7245939044662861,0.3662488557235017,0.4142256861460882,0.09999999999999998,0.6535450989148854
29,3,5,0.8444538906833959,0.9963687563891782,1.232934259426635,1.1156158633934126,0.5968300978003709,0.4024537779247628,0.0007936507936507908,0.45389531686963636
29,3,20,0.8465877797385958,0.9854166225756605,1.3265531620078763,1.130534680534766,0.46834797902313047,0.47835898718860187,0.0031746031746031633,0.49394892203887825
29,3,60,0.8836234996993075,1.1013751018114335,1.1974283340461402,1.0154335901284262,0.49584583781803276,0.6009499110274222,0.2492063492063492,0.4765538073076437
30,0,5,0.9262411661140018,1.0193698719015665,1.0730889169709417,1.0220771374106374,0.97382312204309,0.8241080830901397,0.05634920634920637,0.7586027243764911
30,0,20,0.9440368936072521,1.0795564414702468,1.1839682931028708,0.9966271775041344,0.9034429414118346,0.7635877417902559,0.06825396825396823,0.7483275111012125
30,0,60,0.9743265759739091,1.0570432767278322,1.2550601355469087,1.1103792393167655,0.9640133330097691,0.746715255594174,0.09999999999999998,0.7757332459578008
30,1,5,0.8717333441461618,0.9387117355119596,0.9933423231242514,1.0096605212472678,0.8768601919841759,0.9327954009147638,0.04682539682539688,0.488248779812246
30,1,20,0.8399574126204417,0.9264721714698859,0.9231450490787972,0.8258512170399082,0.9058350243469996,0.9268698009934745,0.22539682539682537,0.30009003863335565
30,1,60,0.8527890014672923,0.7345373834944277,0.9736619927248311,1.0096941469530611,1.242807409632148,0.9572082929218101,0.12222222222222223,0.25
30,2,5,0.8478486235085558,0.9443001115898331,1.1019185943697087,0.9363770060402657,0.8029014676020356,0.7525365574969881,0.011111111111111183,0.5044196907612053
30,2,20,0.7703720594361684,0.8257435867427024,1.0386295106963122,0.8501105509649336,0.6493733036322373,0.7687692345370373,0.0801587301587301,0.6052254905795091
30,2,60,0.6782838872625208,0.7360931650424017,0.9226356167782434,0.6633689505429059,0.5555084608175047,0.7453702525649586,0.09999999999999998,0.5962433340128724
30,3,5,0.7161143912565592,0.8134013407436957,0.9371030065616893,0.8869912940405156,0.6624062360001198,0.4166695213079612,0.03650793650793649,0.47421112731884446
30,3,20,0.6703761389421394,0.8139781688740234,0.9443554760887536,0.7820444496806376,0.4577158639975444,0.421305790525397,0.011111111111111183,0.49860181802911563
30,3,60,0.6581504216075463,0.8435175210327928,0.8217827166945872,0.6071639962754736,0.42528111500601684,0.5665638169478396,0.21746031746031746,0.43021703775503584
31,0,5,0.9101193146470931,0.9968784071089113,1.0258452755153706,0.9911971736717446,0.9541348931106988,0.8841511886343134,0.04841269841269835,0.7910421020660626
31,0,20,0.8709239236616088,0.9673107487796978,0.994411176968421,0.942489009465061,0.889581886457378,0.8005494507905747,0.05634920634920637,0.81311537105279
31,0,60,0.966339426421539,1.072062639045746,1.2946980768801328,1.0604812588060688,0.8783998829508012,0.7348831669449232,0.09999999999999998,0.8530767755161732
31,1,5,0.8668962380625704,0.954366345110618,1.00911724164645,1.0040309534112242,0.8461074073846114,0.8544707971767606,0.03492063492063491,0.5362717581796916
31,1,20,0.8375395662737212,0.9609459722075597,1.0202598617904397,0.9142774748720112,0.8571984196439768,0.6014744260729268,0.14603174603174607,0.4026149241865447
31,1,60,0.8548595308746761,0.8586291600687299,1.1714893875676973,1.1838172785642682,0.8538955545295582,0.6058050683493487,0.026984126984127,0.3496532009189406
31,2,5,0.8514294690155193,0.9107812498041704,1.0190878115802977,1.0158167350855922,0.8072001839874771,0.8328775289132784,0.05634920634920637,0.6369374883427474
31,2,20,0.796532764566581,0.8410763859824715,1.0831352390034927,1.0069803453473876,0.6018722445163414,0.7189862982220939,0.09603174603174602,0.6579001032733697
31,2,60,0.6841506326134082,0.7297985164857981,0.9954288084416315,0.9600663611649431,0.4080302356173345,0.4701957796363667,0.09999999999999998,0.6724254365385283
31,3,5,0.7427199816815756,0.8953820274219688,1.0735314230816422,0.8387302897536086,0.5568075235469307,0.4095543089618034,0.02857142857142858,0.5340151910126306
31,3,20,0.612432435243698,0.7348472978812866,0.9521172279529649,0.6479318773937668,0.3696946254212686,0.39042067878019265,0.08412698412698405,0.4947788201046538
31,3,60,0.46716464982382644,0.5696734017915409,0.6818024635134117,0.35810651714294417,0.2776805119473673,0.4809432553886276,0.09999999999999998,0.5015403255788629
32,0,5,0.9115081766871846,1.0072784524665201,1.0295995799536517,0.9919558954904262,0.9578502976214833,0.9024775352340096,0.0087301587301587,0.7063662576518801
32,0,20,0.8798756785325392,0.97826203078113,1.0110133779284038,0.9540947953867197,0.903981047404164,0.8420373299258642,0.02063492063492056,0.7157469071406578
32,0,60,0.9783034072375814,1.0770355952831931,1.3357842033965688,1.093740959255625,0.8942968367681481,0.74620470437808,0.08412698412698405,0.741942988290525
32,1,5,0.8664496948778779,0.9522802398869716,1.0082783535732718,0.9975803658598454,0.8845466573707114,0.8121508051889166,0.03888888888888886,0.521783388524993
32,1,20,0.8401098060556513,0.9353308639654857,1.0317798065538284,0.9685762364655948,0.8760268698335071,0.6496459655269408,0.026984126984127,0.4811027099402938
32,1,60,0.8511439029969876,0.8455606657128408,1.145522667457093,1.1582979843325614,0.8746202445985637,0.5968213364823506,0.060317460317460325,0.4842393222934459
32,2,5,0.8951920036614899,0.9571575062972387,1.1037640002227083,1.03762867213535,0.8159559695589206,0.9819640596266236,0.02063492063492056,0.5647909920934278
32,2,20,0.9087915914800169,0.9403233100685745,1.2540845961588745,1.0807316817120285,0.699958451455173,1.0058427004494863,0.09603174603174602,0.5718577096644564
32,2,60,0.8823840320511696,0.9061273150638897,1.4249888603408096,1.060967505809089,0.6079070253795552,0.7569673979287654,0.09999999999999998,0.6154407752171226
32,3,5,0.7559835033827661,0.8955118611398575,0.9721281027128903,0.8545731132691292,0.5969734188086849,0.4508528350258298,0.09603174603174602,0.9065217013468385
32,3,20,0.6928337568014964,0.8476006212054988,0.9389301188543645,0.698963471819632,0.4590533036648852,0.49825083475363724,0.09999999999999998,0.8268807251125274
32,3,60,0.6076201213545437,0.7617656422753756,0.7944311895607165,0.4605233839415929,0.4208444162578404,0.5942541356445566,0.09999999999999998,0.7735628176561391
33,0,5,0.9329113421570342,1.0323858504335846,1.0511648900257917,0.9996734082881888,0.9971729717189769,0.8961258530292339,0.032539682539682535,0.7494746973211608
33,0,20,0.926135872695038,1.0322835479196144,1.1058026816110087,0.9857644410669424,0.9019821443487687,0.9035560855974075,0.052380952380952306,0.7260655214252583
33,0,60,1.0104829739234142,1.1590380836446694,1.4466542110715144,1.1140249149531114,0.8470045447391042,0.7117986984840239,0.04841269841269835,0.6366111765309701
33,1,5,0.8793062416957428,0.9674243382576856,1.0308332664983495,0.9958893498766637,0.882275654592346,0.8452524431781532,0.0626984126984127,0.5147949817914919
33,1,20,0.8038594208132789,0.8734537210336023,0.9638783095453121,0.9625006167383381,0.8403322499618808,0.6693983417791393,0.01904761904761909,0.4956924834480389
33,1,60,0.8778265573479718,0.8805367572523165,1.2146937125776434,1.1676614305816748,0.8851955120677042,0.656394217718796,0.011111111111111183,0.43629648253167774
33,2,5,0.8972949384993374,0.9995527082251343,1.1130617450483442,0.9852772875463723,0.8568875395214471,0.8705019580103195,0.026984126984127,0.5076140037731668
33,2,20,0.8695733384808793,1.0040688666968398,1.249606939996717,0.959347573278787,0.6310602962392452,0.7587460918428697,0.026984126984127,0.4794505212199032
33,2,60,0.813987835584387,0.8523144337668845,1.3405792411672324,0.9932584869024089,0.5526903466815593,0.5998145016269273,0.09999999999999998,0.5239040796868204
33,3,5,0.7486132165455162,0.8106973217616994,1.0077897944436718,0.8658615799239299,0.6619024894027924,0.638173686058452,0.07619047619047614,0.51284574747279
33,3,20,0.6461465041114878,0.7403483253897338,0.9320838607937575,0.7024702175985053,0.4278113558742264,0.6085598354072522,0.024603174603174627,0.5030523107386705
33,3,60,0.5724051262901395,0.726352793709489,0.8470987709758078,0.46618618467130163,0.34662138127124753,0.545970743730179,0.004761904761904745,0.47550967492378926
34,0,5,0.8940733026476058,0.984214751087766,1.020927710223433,1.009500879628358,0.926015654243265,0.8045130639034022,0.052380952380952306,0.7337843365207452
34,0,20,0.8648108176797458,0.9440256666297229,1.016569835329012,1.0272563359811848,0.8713448877456941,0.7309097123467339,0.05634920634920637,0.6696919940613794
34,0,60,0.9288146230839361,1.0357009617543895,1.1990911470259826,1.1040370894949152,0.8681310796747697,0.6139109633238646,0.09999999999999998,0.7413097569387737
34,1,5,0.8830189346043005,0.9646089302392565,1.0090021641722504,1.0047589661340857,0.9350895253575532,0.8317989250174516,0.015079365079365137,0.6280920871225518
34,1,20,0.8802369562654633,0.9543790237155413,1.025416157885819,0.9584856275222735,1.0159663648201973,0.7297059008485145,0.04841269841269835,0.6621532152346747
34,1,60,1.0591195763124133,1.0661899278323188,1.3760563728818362,1.2429611019982534,1.3057000190839856,0.6848273105311539,0.09603174603174602,0.7346841400384285
34,2,5,0.8457701717886781,0.935926847353266,1.0371978970920177,0.996746711080066,0.7999248785648193,0.7436442408401799,0.032539682539682535,0.5491050114234569
34,2,20,0.7893021964473294,0.8562804441997425,1.084989070315025,0.943027477166563,0.6901592025493365,0.554700635896413,0.09999999999999998,0.6469204961046499
34,2,60,0.7943169832162883,0.8808628127070413,1.2116134189160166,0.962316050892909,0.5637411999938994,0.4920466814723059,0.09999999999999998,0.6386576717056511
34,3,5,0.6952453024384248,0.7855147320647752,0.9570603525878636,0.8528892856483883,0.5780463035931283,0.45651367346013555,0.04841269841269835,0.43584995688146067
34,3,20,0.6203518084569342,0.7528220666191251,0.9269538911926631,0.6511403625813641,0.4076450510599801,0.44284482492536004,0.0087301587301587,0.4702531937164032
34,3,60,0.615099735809269,0.81558457650935,0.8994566878245759,0.42604483285904404,0.35614578505410416,0.5729421327418963,0.0984126984126984,0.4404978669086498
35,0,5,0.8924999250477073,0.9655316386586844,1.0074306379890887,0.9946760492946615,0.9436409255274641,0.8615324258540183,0.052380952380952306,0.7627266781139046
35,0,20,0.8498973099600279,0.9262200516773678,0.9550720217706735,0.9479554269608106,0.8778387523228626,0.8037447544776047,0.07222222222222219,0.772011023716034
35,0,60,0.9234585606349145,1.0126433952929623,1.16263882620976,1.0574255109201127,0.8897354333374051,0.7128425677100338,0.09999999999999998,0.8093049980427556
35,1,5,0.8904572066666979,0.9864852303585494,1.075405993237791,1.0080258532928958,0.8668499689448949,0.8422463808231898,0.015079365079365137,0.5788303360664625
35,1,20,0.8764107429765778,0.987000086657065,1.110276527434861,1.0325152319960218,0.8740031752528094,0.6084557536305353,0.04682539682539688,0.47727064344065845
35,1,60,0.843445866146529,0.8709464334020769,1.2353128906084543,1.031738560725335,0.8331968697396877,0.5748661653262167,0.04841269841269835,0.42339536244233716
35,2,5,0.8530401156694749,0.9222778297893127,1.0717191371799417,1.0224624481487954,0.8067573416174222,0.7973701671892272,0.0071428571428571175,0.49550064941229666
35,2,20,0.775445230721288,0.8575771560151084,1.1629305064943312,0.9002963622702818,0.5727938720431122,0.6230836818778293,0.11031746031746037,0.3286508194945395
35,2,60,0.5764183220373583,0.6468121707348888,0.9490426008979801,0.4335895698544008,0.5208802642467959,0.5162584001871874,0.07460317460317467,0.2553044929776596
35,3,5,0.8048854101199376,0.9053219969626238,1.176751332984944,0.9191211753281066,0.6731819003686422,0.522880491356468,0.05634920634920637,0.547735210022475
35,3,20,0.8134187414399844,0.9662732084376416,1.247796217308957,0.8608694495247907,0.5870201339444642,0.5569552035071292,0.0071428571428571175,0.48915760064551134
35,3,60,0.8413091854141066,1.077145909652843,1.3735508548421278,0.6184290177682691,0.5051176201155416,0.6312196048687296,0.1698412698412699,0.49108812503196275
36,0,5,0.9139473345597172,0.9896917650910622,1.0325630262392385,1.0039579461235049,0.9911942578678954,0.8878125952167728,0.03650793650793649,0.7353705722005647
36,0,20,0.8979806987969731,0.9905853257906835,1.0959876624635574,0.9788099747989356,0.9064635900122278,0.8164830546308939,0.04047619047619044,0.6535003960867656
36,0,60,0.9356451073079581,1.0096734167809245,1.1811686844451856,1.036663670124785,0.9294076934328456,0.8203128371718615,0.09206349206349207,0.7232558690860533
36,1,5,0.9424088375421021,1.0476370815661522,1.1717898202518198,1.0267751527872402,0.9114558392238997,0.9148781236003806,0.015079365079365137,0.556312307963711
36,1,20,0.8867697217321538,0.9909550942717538,1.1265643798704066,0.9811037192889503,0.8726209707201964,0.7403675911658862,0.058730158730158744,0.4914736009135845
36,1,60,0.9448438910809609,0.9763856780738097,1.4095817001094546,1.0891758803566172,0.9171540745429776,0.6978531318090329,0.08809523809523812,0.49233918854000125
36,2,5,0.905674436930046,1.0037265937747295,1.1183508189241784,0.9806459218346802,0.8901956178873184,0.8834575400453688,0.012698412698412653,0.5585544139512745
36,2,20,0.987977966582242,1.1129359311311768,1.4982280239821628,0.9740206929976486,0.8496474519470345,0.8389771888220722,0.023015873015873045,0.4885711784661647
36,2,60,0.9834519849405415,1.1452270835269247,1.5520107216722074,0.8711533455741918,0.858930101054557,0.6910396758871088,0.11825396825396828,0.4308878364828605
36,3,5,0.8358466821184085,0.9769487491938408,1.3347841360545614,0.9367557733752802,0.6110867520098793,0.43994743091359106,0.03650793650793649,0.49901073458971473
36,3,20,0.8064777513845361,1.0119158432635282,1.4159033703595403,0.82564418290565,0.46000256371461495,0.32439316491225534,0.0071428571428571175,0.47117907347016735
36,3,60,0.7921371249385198,1.040186074177702,1.2588697236007258,0.7444497649320947,0.39092564560879506,0.439900067912486,0.14603174603174607,0.49076666138702896
37,0,5,0.980817648922418,1.0941021665339152,1.1413034018548296,1.0322106504986586,1.080253850567717,0.8733700589843039,0.10634920634920642,0.5011751618163994
37,0,20,0.9416946481725349,1.0760116339928278,1.1888085791786984,1.0217647199484876,0.908070867445738,0.7570412944811353,0.09444444444444444,0.49929035766272767
37,0,60,1.046774404254511,1.2071848987196383,1.5110101760348889,1.1733033330865885,0.9336577605922067,0.6449936386432871,0.012698412698412653,0.5391915497455807
37,1,5,0.9344223470215972,1.045258390811644,1.0529204675345472,1.0715391438947686,0.9149083252148494,0.9060898572157311,0.11031746031746037,0.47818372657005814
37,1,20,0.7735533367791669,0.8217426955969795,0.8482246539650766,0.9154342407315691,0.8480515166410316,0.7525418997488054,0.09444444444444444,0.4107176844526963
37,1,60,0.7800764291152205,0.788611607962716,1.0637259352912185,0.9674710275614382,0.8144322765779678,0.5838158855865125,0.06825396825396823,0.46862046924157236
37,2,5,0.9250451307811477,1.0302279609480736,1.1434073934341056,0.9645984337744288,0.9365414255179842,0.8882389429253166,0.0071428571428571175,0.6153120749270847
37,2,20,0.9910260555705338,1.062320074291585,1.30613663165299,1.1606107288883039,0.924618176524068,0.857106405951716,0.060317460317460325,0.6858778730426958
37,2,60,1.1474164435778926,1.1431872068432305,1.7989583676844292,1.4836122395026954,0.8481433202040348,1.071265241041916,0.03650793650793649,0.6003917471446942
37,3,5,0.8693121091514583,0.8979090053824595,1.0792662723999686,0.8126562491759353,1.3046840001912354,0.503837865118559,0.07222222222222219,0.6704545645038354
37,3,20,0.8096992964324238,1.001842842450575,1.2392563761705173,0.7378076752202655,0.6887221703764816,0.34429011936264264,0.05634920634920637,0.6937637309641386
37,3,60,0.6659503384190372,0.8311416378390739,0.8391037142476494,0.5361380466945836,0.5717081989530893,0.597294546137941,0.0706349206349206,0.6111457377608159
38,0,5,0.9870995397385587,1.0728699824682666,1.1583966953223093,0.994159779845512,1.1964601960121648,0.8364546019118771,0.052380952380952306,0.7310139446604326
38,0,20,0.9111123581272249,0.9700531125749544,1.0563268603263627,1.0649872408612093,0.9778220617935427,0.822076265562522,0.04047619047619044,0.7227461463079369
38,0,60,1.0223805872395262,1.193935995505259,1.4169723095144082,1.1424183979317124,0.8487107559376547,0.6673158839479809,0.09206349206349207,0.670391215529222
38,1,5,0.8967663168624216,0.9509601105084617,1.0099780475662248,1.06289328591579,0.9370807810362729,0.9431935116678659,0.04285714285714293,0.5039369946643439
38,1,20,0.8052028100437252,0.8818153446490086,0.8873177015514161,0.8916282118778847,0.857161328935278,0.8175427798548597,0.10634920634920642,0.3984210210651646
38,1,60,0.8876084659177369,0.968300102162713,1.371783815122653,0.9469491190154381,0.9037163937555461,0.5167421422085067,0.026984126984127,0.39243092890007436
38,2,5,0.8905238176249065,0.9796978795445734,1.09389936780678,0.9737297071518656,0.879533073333694,0.8660133269965602,0.02063492063492056,0.583648679878478
38,2,20,0.8464233300365505,0.9567357268314944,1.2211775556370572,0.9554098703993257,0.6069985204504325,0.6994504183061249,0.0801587301587301,0.6157260243593877
38,2,60,0.7222104184532054,0.9087214322816538,1.1599736177969444,0.6534972732390818,0.5002582714957153,0.3071274897888066,0.09999999999999998,0.6461931265328252
38,3,5,0.7993262336390404,0.9359365418194072,1.097265279351211,0.8874812603231419,0.7210556473569057,0.47850040623145285,0.02857142857142858,0.5342691774804622
38,3,20,0.7488945526237079,0.9351411085998892,1.0836406239737482,0.8399484948823364,0.4897886799757738,0.4478888316923621,0.023015873015873045,0.43961668362068146
38,3,60,0.6295000982896692,0.8540030152123796,0.8732472310029719,0.43857945338049115,0.36259082832114503,0.5668226532626657,0.13809523809523816,0.436249468890402
39,0,5,0.8869027980933762,0.9682725616544574,1.0109836648079153,1.0012609691834458,0.9268912709002073,0.8170555204069762,0.052380952380952306,0.7254932357738855
39,0,20,0.8647654872893078,0.9344061042559596,1.008998867175209,0.9716750163217011,0.8839006766339261,0.8471874720341531,0.0444444444444444,0.673576948852335
39,0,60,0.8940193752454482,0.9676112326136808,1.1336938292554892,1.0724704698136143,0.8729940148719616,0.7263767889186308,0.03650793650793649,0.6096154097360519
39,1,5,0.8925354955768465,0.9757007121899222,1.051488651284762,1.0168727582572328,0.9051803226746851,0.8551675530870276,0.04285714285714293,0.5497410389723042
39,1,20,0.8477937460440648,0.9287339534547095,1.040912402713537,0.9930175006292002,0.8924455134517254,0.6857056311620575,0.004761904761904745,0.49588844554026834
39,1,60,0.7355540283549654,0.7093097123360456,0.9287533808518399,1.0050033523597564,0.8480729312330945,0.519001296261386,0.07619047619047614,0.42625721370580155
39,2,5,0.8605758088089321,0.9466453748014222,1.0824577997272344,0.9890789520208324,0.8059285554212138,0.7584701654631049,0.052380952380952306,0.6038816113355027
39,2,20,0.8247204711129278,0.9153829751918622,1.2022493270139671,0.9232278742548741,0.6460326707060801,0.6381671851303523,0.09206349206349207,0.6116262014019368
39,2,60,0.7547007069653552,0.8478300589666437,1.252530216553394,0.7290050279951548,0.5679151452297265,0.5047017199184349,0.09999999999999998,0.6024151956148405
39,3,5,0.6915355693576464,0.7513279907726281,0.9032147163356289,0.910455056071803,0.6432888851772305,0.39165143674697395,0.07619047619047614,0.5176165647165504
39,3,20,0.603095323627247,0.682844470812327,0.844516691802079,0.7618001501409084,0.4740781216182104,0.36177699930072993,0.024603174603174627,0.4713530718819223
39,3,60,0.5553879761601527,0.6642388162979262,0.7256458006536758,0.5498163536248133,0.44752584535858403,0.5019485579474239,0.0007936507936507908,0.47352597200065566
40,0,5,0.9472320013764771,1.0322170390323564,1.0850015689939645,1.1249299782185946,0.98509803094579,0.8889173944335935,0.01904761904761909,0.5492176071569114
40,0,20,1.019920815887046,1.13867435960317,1.2043238654388797,1.2082852019378367,0.9991450295297951,0.7713040491198038,0.3047619047619048,0.37193124148819634
40,0,60,0.9027644336671998,0.961553202974452,1.112059093384322,1.0661226748933483,0.9537496766095183,0.769058501154033,0.14603174603174607,0.31010078518126344
40,1,5,0.8574221358436717,0.9293273920379325,0.9868926798959834,1.0039205227093844,0.8632273788538023,0.8546999235736686,0.05476190476190479,0.49160452402732235
40,1,20,0.7707109924184498,0.865266118451806,0.9197030102046628,0.8324265032703978,0.8361086226389238,0.5985722469172263,0.10238095238095235,0.4202746394943551
40,1,60,0.9331270979278855,0.9799015633860023,1.339126583097704,1.23315453300866,0.8646634133067145,0.5915697854968806,0.0626984126984127,0.36913346307486655
40,2,5,0.8945407309539531,0.9563297771593521,1.0330859881907912,1.0495283617091449,0.9195927710355046,0.8172435061676894,0.0801587301587301,0.7386259693327956
40,2,20,0.8642810856698963,0.9148048683358232,1.1901558495491833,1.0230541632338206,0.8031266579713426,0.7285717538580574,0.0444444444444444,0.5226864880763149
40,2,60,0.684188993825216,0.7245236464464041,1.0430400116244243,0.7627834011678982,0.6144941303875269,0.4956551693590843,0.07222222222222219,0.4312337866844413
40,3,5,0.7065474776206312,0.8132128737607666,0.9770000017238428,0.8655978874342034,0.5840744546715091,0.3604327112874555,0.08412698412698405,0.5329986737431763
40,3,20,0.6997705349167638,0.903662911298696,1.1346113875702941,0.7551023878828866,0.37618235710103454,0.2996846652839793,0.011111111111111183,0.4285950590970749
40,3,60,0.7117932389350643,0.9893395360256603,1.0976451036834418,0.5106589540110438,0.31481909542045433,0.5034061529676847,0.1976190476190477,0.4293993242913517
41,0,5,0.8990755556939002,0.9863467559453888,1.0296329769121964,1.0088739282956143,0.9247409760614881,0.8445689610298639,0.04841269841269835,0.717374131024805
41,0,20,0.9136484814793955,1.0101965654495153,1.0828777378919299,0.9998723232765236,0.908423450885122,0.8955467377565286,0.024603174603174627,0.6708920255384622
41,0,60,1.0678142645796656,1.2235521728720222,1.459216747369335,1.167015883441113,0.9907386566427685,0.7588925489801245,0.03492063492063491,0.6230537204672861
41,1,5,0.8636903489685354,0.9387544832391594,0.997661514013147,0.9566483761754893,0.8817867236118139,0.902160560680274,0.02063492063492056,0.6017095750763423
41,1,20,0.8068481463394885,0.9036924460089428,0.958125533187465,0.8339038311038589,0.8219695724643963,0.784267044244714,0.11428571428571432,0.4009748432843065
41,1,60,0.8722794777825591,0.9372002117455697,1.1504558401832181,1.103014050748833,0.768815766661489,0.6982831377694634,0.1777777777777778,0.288126560372929
41,2,5,0.9068932560402122,1.0313895916009668,1.0990757609690365,1.0081859191775524,0.8221461049168641,0.7423732374095521,0.08412698412698405,0.8789839530170616
41,2,20,0.8394335382860365,0.9654117738906278,1.06032231490434,0.9876712323019394,0.6817609080290278,0.5715742688223778,0.09999999999999998,0.9306274085594323
41,2,60,0.7152303315281935,0.8471564081758991,0.8547483210599163,0.9765935982611919,0.4848197403522837,0.37377489814785475,0.09999999999999998,0.8974616633611522
41,3,5,0.7055003362954683,0.7702753869808668,0.953937331773955,0.8830484049106804,0.6560771793091267,0.4203861569391673,0.06428571428571428,0.5135299253061305
41,3,20,0.5870466143016139,0.6804624341309601,0.8475510045942056,0.6929110616995309,0.44675055718497675,0.3745706916418416,0.0087301587301587,0.4244896186225233
41,3,60,0.522253669412769,0.646022883808491,0.7038685642059697,0.4406450824986507,0.3965237212988569,0.5131365238308143,0.0031746031746031633,0.4484726757990637
42,0,5,0.9418776432453239,1.0344892956167862,1.067338494332886,1.0041486772851362,0.9905789565815512,0.8302114727831593,0.09999999999999998,1.0158441090398904
42,0,20,0.9373112706874911,1.0342484673661865,1.0302099521393957,0.9779789127597809,1.0280191593153396,0.837884611337984,0.09206349206349207,0.9886732632968513
42,0,60,1.0414905392157898,1.1441060619864774,1.2598190425448403,1.0417649720452287,1.1132760570975175,0.9207422274018212,0.09999999999999998,0.9916728009067595
42,1,5,0.8531463816727431,0.9176461228971898,0.9667060452637928,0.9649565645446475,0.8788010311924265,0.9027043712364693,0.016666666666666607,0.6321196239427725
42,1,20,0.8236299159562536,0.9046831942687826,0.9560419752307844,0.9318733536086108,0.8817017242766085,0.7416213433483079,0.011111111111111183,0.5536109294056875
42,1,60,0.9657226247971789,0.9972515125390318,1.4519365342771964,1.1752243798249236,0.9807068273055463,0.6046509894687525,0.012698412698412653,0.471681545386789
42,2,5,0.8947405467587829,0.9799492302198006,1.1067215764694303,1.033588011199563,0.8911418547428196,0.7294223858180559,0.05634920634920637,0.6717972264610266
42,2,20,0.8799993528244443,0.95799254957206,1.3136903246030176,1.0102271940510164,0.7480018907683242,0.6365121289985646,0.060317460317460325,0.5346871312930342
42,2,60,0.822758164317279,0.9413718891084173,1.4978205819548853,0.8420362193371703,0.5403146609444017,0.45997710792689955,0.0444444444444444,0.4047820630021114
42,3,5,0.7628795498068127,0.8707916314629981,1.064741338794158,0.8955854456982688,0.6733401788419802,0.4105570234344622,0.07619047619047614,0.5554466205940929
42,3,20,0.6795268493721769,0.8137418602082656,1.0108696903918548,0.7770911379744683,0.48402793031327856,0.38948848022704835,0.0087301587301587,0.4786308454509269
42,3,60,0.5845402878612043,0.7286762203075815,0.7872756952438628,0.553792787213643,0.4104745115979485,0.5030369630858923,0.024603174603174627,0.49154143714737686
43,0,5,0.8937423464369271,0.9741923268440235,1.0087776068937035,1.0043494927586178,0.9219111651660123,0.8682907597988638,0.04841269841269835,0.743377581666454
43,0,20,0.8894058419501357,0.9870636474979196,1.0316592008036936,0.9787289130372425,0.8823817628713329,0.8858275933453406,0.012698412698412653,0.6848811865200154
43,0,60,0.9655907512652544,1.0897977315575929,1.256415050045682,1.1207557557483334,0.9137103492688986,0.6966051431684566,0.023015873015873045,0.6419248844234341
43,1,5,0.8934840186073648,0.9530809411920032,1.0141784309573063,1.0020908930310133,0.9197308934934151,1.0041191542246484,0.023015873015873045,0.5827543344775853
43,1,20,0.8681980566962655,0.9325404231259551,1.0347743611748528,0.9800475618361018,0.9224704062065018,0.8313002134994764,0.02063492063492056,0.5546864475056921
43,1,60,0.836098621908369,0.8079280351178542,1.0398476003378176,1.1006780635466011,0.9625548431334766,0.6459575983408596,0.09206349206349207,0.5607176428635128
43,2,5,0.8348504259500827,0.9116306016830776,1.0424680097028378,0.9437514505786306,0.8107964861044062,0.73751326482358,0.05634920634920637,0.6177184158774013
43,2,20,0.8136188725314482,0.8938763413254562,1.2011482500210302,0.8936134831742579,0.6737470084312264,0.6641491036074723,0.06825396825396823,0.47643845616787944
43,2,60,0.6941131026813127,0.771624217754786,1.1864654556883965,0.6531529959495518,0.6093880243358885,0.41966563608861235,0.0444444444444444,0.38719934503632913
43,3,5,0.7030672971828021,0.7580174404950313,0.9136665609536386,0.9333793722775764,0.659758863193394,0.40164921142436016,0.08412698412698405,0.5228887838175036
43,3,20,0.6067578198547056,0.6733020696350736,0.8452153152033852,0.8214761278723588,0.4665846884553884,0.3474139032433077,0.032539682539682535,0.46971692168837886
43,3,60,0.562466114108222,0.6573756756100839,0.7321174933928998,0.6095819528859275,0.4380428057440715,0.49384750116145776,0.024603174603174627,0.4772105834296624
44,0,5,0.8788453685046461,0.9670500801985723,1.0309435663152897,0.9971433160152042,0.937204517068894,0.7801768388388538,0.0071428571428571175,0.5688815547117423
44,0,20,0.8736776215108589,0.9591852557562958,1.06184521196912,0.9989331461767751,0.9048825982635988,0.7155234166747018,0.1261904761904762,0.4242654511309264
44,0,60,0.9519459260055965,1.0217760666699418,1.2370924068772753,1.1052652669095242,1.0088229652332712,0.6825730018097609,0.20158730158730165,0.30929318420063506
44,1,5,0.8735164192365397,0.9480712506851451,1.0001425363714014,1.0004205881262016,0.8939738856032624,0.8892316137143115,0.03492063492063491,0.5381108055244493
44,1,20,0.8594694662943776,0.9519576504057764,0.9904049979699091,0.9670580589357676,0.9572417346804449,0.6848881468091438,0.08253968253968258,0.49373258185818186
44,1,60,0.9039954836035232,0.9460623298688626,1.2236517405460121,1.1716855571831142,0.9633550267094876,0.5132639122478259,0.02857142857142858,0.5247809419615563
44,2,5,0.8698091984128375,0.898365858106895,0.9913420714899247,0.9690952773052544,0.8949678464358783,1.034664556500395,0.06428571428571428,0.6367971046908758
44,2,20,0.8374653542503545,0.8497465690959279,1.0911687996729174,0.9863013159722512,0.7825091795151127,0.9863755641980374,0.012698412698412653,0.3843571828014925
44,2,60,0.7398081304740974,0.7123629657322639,1.029140966743946,0.9152115448666847,0.8229686591847312,0.6717892750659405,0.0071428571428571175,0.2567996447302273
44,3,5,0.7658650254655632,0.7597439241089141,0.9287410984115472,0.9321814252921106,0.8450465317018115,0.7446946126062379,0.06428571428571428,0.5029944151999717
44,3,20,0.6624640199113628,0.6744436782144108,0.8283223282661292,0.7749161666421943,0.6582637448276936,0.7187637952395856,0.024603174603174627,0.45282649432452754
44,3,60,0.6184982283172957,0.65459892541482,0.7028242701893815,0.6490557280300537,0.6469092375354454,0.7361378193777047,0.04285714285714293,0.4318812373702069
45,0,5,1.0583741421758706,1.2240814951748704,1.2403407523330163,0.997330327383248,1.2114069643759326,0.9048626899793422,0.03888888888888886,0.6458473676893334
45,0,20,0.9948911652331749,1.154053725883563,1.2310246609235744,0.9711062819675447,0.9598165149686931,0.9165441377879842,0.1261904761904762,0.5397498460941406
45,0,60,1.1009145552969326,1.3333834328403125,1.5695796673105296,1.1470720511457433,0.8802340095360444,0.7627831968083213,0.011111111111111183,0.5880465715121984
45,1,5,0.932128677719994,1.0438295256388397,1.1147968839688616,1.0114140146519957,0.914547659431286,0.8566380018106837,0.16190476190476188,0.45591421747256367
45,1,20,0.7843394008906885,0.8522727649519464,0.8964790786468919,0.8380790950974837,0.8813218972267608,0.7789148410360073,0.0031746031746031633,0.5182738728671334
45,1,60,0.7792961465640083,0.7704773258582226,1.1237411937193906,0.9310199907947364,0.8213280929802491,0.6424237737314475,0.032539682539682535,0.38985119128504836
45,2,5,0.9053608225144607,0.945903709267562,1.0541591529457761,0.987520975495661,1.0474622146151955,0.9222478892704671,0.02063492063492056,0.5751313146942628
45,2,20,0.8886136924124626,0.9439405109397481,1.1778295586119356,0.9861988463841714,0.8328996932763232,0.8319634269628783,0.06825396825396823,0.6907059456206871
45,2,60,0.8686223752274859,0.8961765050220323,1.145259813372018,0.72458907759523,0.6934184829087582,1.4485294664818076,0.09603174603174602,0.6298441172656898
45,3,5,1.021087399081609,1.088394461146558,1.6556339023537439,0.8355949662870648,0.8698197115856668,1.1829221339293652,0.03650793650793649,0.5048093899283375
45,3,20,0.6969598570568463,0.8365797491434059,1.042341387377441,0.7182242605996149,0.589782106818611,0.34408699988059516,0.02063492063492056,0.5250545734933368
45,3,60,0.7496484946910167,0.9550990235690473,1.0637468944541337,0.7078727200016173,0.3619204455531824,0.6795425352398934,0.17380952380952386,0.5070635749951365
46,0,5,0.8505787593329734,0.93177608049428,0.958648267633996,0.9910190744508288,0.8990838146273893,0.7988778228157424,0.03888888888888886,0.48448177164489886
46,0,20,0.8131602236571098,0.910154933488897,0.9462703371246041,0.8764859708132922,0.8027067844177403,0.7690259455539024,0.2055555555555556,0.3165016546123751
46,0,60,0.9350913955533731,1.019297656247435,1.1315616750258484,1.1547460810140733,0.9083786389677964,0.683564788378355,0.3325396825396826,0.25
46,1,5,0.9175513003799894,1.0024458906942741,1.0584460392528208,1.0339573403288702,0.9378014709362332,0.9237680017955664,0.0071428571428571175,0.6429236959916078
46,1,20,0.8060623422776904,0.8787236266713003,0.8885582836113193,0.8160628256050131,0.8892142585455678,0.8564910333880119,0.20158730158730165,0.3224517776179346
46,1,60,0.9378593943912659,1.1078043922184901,1.3918957506161893,0.8876319826777425,0.7227191950063314,0.6790192898086598,0.3484126984126984,0.25
46,2,5,0.856345824309432,0.9340260243680254,1.0471627006437103,0.9977796502965072,0.8486095199867175,0.756000738914967,0.032539682539682535,0.5842027824102771
46,2,20,0.8500935108760626,0.9235249710438488,1.2865958144893794,0.9880859039985368,0.7175832858678669,0.6184788061033305,0.02857142857142858,0.47240465823383604
46,2,60,0.8050100720269361,0.8268648585354843,1.2333833861642243,0.9587564715686666,0.7535657246792808,0.5226767401256945,0.09206349206349207,0.5013138573558947
46,3,5,0.682671175142546,0.7941305540591197,0.9274083054355868,0.8293689935934108,0.535648471481325,0.4019032573085269,0.06825396825396823,0.5297837378891824
46,3,20,0.5415895451016786,0.6879907395788829,0.7768874655790582,0.5238453069240824,0.34271009972169125,0.41376562751361173,0.0087301587301587,0.40962271842908665
46,3,60,0.47766632331932357,0.6357619690943335,0.7224524916689723,0.25,0.313574139267908,0.49492118653194644,0.015079365079365137,0.38993217623415294
47,0,5,0.9121874471719914,0.9918140215111801,1.0358000313045885,1.0721278253587576,0.9522515050439483,0.8723047628068968,0.0706349206349206,0.46169048872834006
47,0,20,0.9558375725935223,1.0524847800498882,1.0835424315343587,1.1715733417174337,0.968360803720364,0.7600558904505788,0.25317460317460316,0.3406200587652614
47,0,60,1.0273121136492227,1.1336247494898355,1.2476677533052865,1.2663333343740821,1.021102647298888,0.6815831589677783,0.3325396825396826,0.2947265802162117
47,1,5,0.8897040706116315,0.9733294693500139,1.0255132756980296,1.0577322059975172,0.8581472962987117,0.8867087406627379,0.04285714285714293,0.5386321857904702
47,1,20,0.8546770420584535,0.958218820773147,0.9635254723366057,0.9442517927450582,0.8472345061804689,0.8018950873025378,0.22539682539682537,0.33604675301668796
47,1,60,0.8107476849689627,0.8077604460881755,1.1344357556173947,1.0379866737744496,0.9065777145862999,0.5430062337302131,0.004761904761904745,0.38491835116749956
47,2,5,0.915677584221211,0.9309592997552298,1.036715818662775,1.047965511747965,0.999150694391391,1.0256569627877608,0.06428571428571428,0.6733776435928319
47,2,20,0.9356897619691207,0.9225181196941233,1.3047701626027737,1.14609077626092,0.8742425018347806,1.0105539881276653,0.01904761904761909,0.38847239417688806
47,2,60,0.8613078245042767,0.8285483116570268,1.3074746647748212,1.0870258148662764,0.7827379673932121,0.8234491565521567,0.02063492063492056,0.36469294231701954
47,3,5,0.7299838924247766,0.8319839149557197,1.0275439061388967,0.8483479990559885,0.6062712615246044,0.4567778780988526,0.06428571428571428,0.5429086457488658
47,3,20,0.651060816223353,0.7857819497389729,1.0187355360628605,0.6244023534685799,0.433941517394,0.4980777353364184,0.012698412698412653,0.45928534511219027
47,3,60,0.5406522073061881,0.6938035650652812,0.8088262736361442,0.32153682837817277,0.36676913412238027,0.5906393495069923,0.0031746031746031633,0.4654988979971233
48,0,5,0.9436774011239407,0.9937790336565023,1.0332937286026869,1.0380813882611823,1.0170660858877647,1.1265776425652398,0.023015873015873045,0.6106561187928247
48,0,20,0.9320662414879103,1.0085061916627696,1.1184861489629503,1.0640072667288367,0.9459856461275413,0.8969105802536074,0.07460317460317467,0.49679782951529056
48,0,60,0.9465751558343967,1.024305930393446,1.1778374194540853,1.1853703187813258,1.004778667971467,0.6796414351008196,0.026984126984127,0.4339028955562654
48,1,5,0.8941409720691081,0.9897985541314439,1.0234789783311211,1.0291694760133379,0.8724751400207903,0.8872439463044977,0.07460317460317467,0.49987740385477814
48,1,20,0.8563818555004189,0.9603658504096889,1.0284835816206053,0.9573476097031904,0.87873837837871,0.7030644006351285,0.09444444444444444,0.4550273742342663
48,1,60,0.8540674154320402,0.889898904181741,1.1992322369402424,1.0008299210187512,0.8870450336772139,0.6129205045740685,0.04047619047619044,0.5137112144086506
48,2,5,0.9156786843647655,0.9419866104506174,1.044882663854657,1.0620847348662592,0.927303135633704,1.0756129063887327,0.052380952380952306,0.6538277749438844
48,2,20,0.9105523434594255,0.938422085630285,1.203914719918495,1.2228725850546696,0.7410594861681503,0.8801755725353186,0.1261904761904762,0.335890141025446
48,2,60,0.7977229902988819,0.8667555237616272,1.1147618757942739,0.7154784778521404,0.8563079245854492,0.6893187080308861,0.2134920634920635,0.25
48,3,5,0.7529263244903859,0.8510798081683344,0.991439677781992,0.9260651648902258,0.6630543579494276,0.42112774668125474,0.09206349206349207,0.646909747521735
48,3,20,0.7210712041438385,0.8587713050987438,1.045301153394884,0.8436033028604037,0.48666892047474436,0.49411968172151777,0.015079365079365137,0.45659057073553866
48,3,60,0.7618866191021354,0.9566768091932641,1.0177318324014224,0.8395634422759601,0.48048398992628505,0.5613190747317357,0.11428571428571432,0.40836462402564505
49,0,5,0.8733289968813819,0.9598295145435042,0.9963813807027546,0.9970632852876693,0.9358530430084292,0.7960287271483751,0.015079365079365137,0.577852739031146
49,0,20,0.890916989972364,1.0351630537512797,0.9974739263275225,1.0119334853261177,0.8678176653048612,0.7440735952855059,0.1261904761904762,0.45951555845856795
49,0,60,1.1414180294911103,1.4182190342895615,1.41347026797293,1.2547197279240199,0.9512920564637952,0.697060814764324,0.2928571428571429,0.3970992719739904
49,1,5,0.9199115454624947,0.9975421374233177,1.0410314914586045,1.0550580526955144,0.9670763383537575,0.911717657069802,0.05476190476190479,0.5430605315946146
49,1,20,0.9054309809826877,0.9698451494005504,1.0274020699672985,0.9982323127017286,1.05906865097985,0.8015371523879742,0.13015873015873014,0.46716324317516633
49,1,60,0.7735167230645305,0.7066412347011514,0.9030149950724606,0.8591704601419136,1.0514039651503977,0.8183460032300919,0.09999999999999998,0.510642584713415
49,2,5,0.8341004163541695,0.902452195794533,1.016298604120479,0.9636891490909756,0.8144633892378694,0.819622975982699,0.016666666666666607,0.5315170731249306
49,2,20,0.7816941726057702,0.870069450559831,1.1217644679947287,0.9345093105250112,0.5945350020799671,0.6141374399424868,0.032539682539682535,0.5285675349282285
49,2,60,0.5903546991515762,0.6765705859533863,0.8650286477641046,0.6769508226508655,0.420633726543299,0.4135579511143267,0.060317460317460325,0.4528332396831978
49,3,5,0.7434569405082311,0.8118224232867535,0.9506303828748821,0.8581845774094968,0.625093887425093,0.7211937597178134,0.07222222222222219,0.5685944558036563
49,3,20,0.6532100690564492,0.7320779675356338,0.8991277859000735,0.6912890747357959,0.47375364891242,0.6968894669481361,0.052380952380952306,0.46671968750845605
49,3,60,0.7194144046690584,1.0120848846411534,1.1464217091398226,0.2981711702808307,0.3416112477125759,0.6422031676172961,0.2849206349206349,0.4363104922832143
